25-03-23.14:04:06.286 [main            ] INFO  RaffleStrategyTest     - Starting RaffleStrategyTest using Java 21.0.4 on DESKTOP-DJN13UV with PID 7248 (started by MUZ in G:\prog\java\big-market\big-market-app)
25-03-23.14:04:06.287 [main            ] INFO  RaffleStrategyTest     - The following 1 profile is active: "dev"
25-03-23.14:04:07.545 [main            ] INFO  RepositoryConfigurationDelegate - Multiple Spring Data modules found, entering strict repository configuration mode
25-03-23.14:04:07.548 [main            ] INFO  RepositoryConfigurationDelegate - Bootstrapping Spring Data Redis repositories in DEFAULT mode.
25-03-23.14:04:07.571 [main            ] INFO  RepositoryConfigurationDelegate - Finished Spring Data repository scanning in 9 ms. Found 0 Redis repository interfaces.
25-03-23.14:04:08.783 [main            ] INFO  Version                - Redisson 3.32.0
25-03-23.14:04:09.081 [main            ] WARN  SequentialDnsAddressResolverFactory - DNS TCP fallback on UDP query timeout disabled. Upgrade Netty to 4.1.105 or higher.
25-03-23.14:04:09.278 [redisson-netty-1-4] INFO  ConnectionsHolder      - 1 connections initialized for 127.0.0.1/127.0.0.1:6379
25-03-23.14:04:09.301 [redisson-netty-1-13] INFO  ConnectionsHolder      - 5 connections initialized for 127.0.0.1/127.0.0.1:6379
25-03-23.14:04:11.745 [main            ] INFO  EndpointLinksResolver  - Exposing 1 endpoint(s) beneath base path '/actuator'
25-03-23.14:04:11.815 [main            ] INFO  RaffleStrategyTest     - Started RaffleStrategyTest in 5.968 seconds (JVM running for 15.134)
25-03-23.14:04:13.102 [main            ] INFO  HikariDataSource       - HikariPool-1 - Starting...
25-03-23.14:04:13.495 [main            ] INFO  HikariDataSource       - HikariPool-1 - Start completed.
25-03-23.14:04:13.573 [main            ] INFO  RaffleStrategyTest     - 反射设置值完成
25-03-23.14:04:13.599 [main            ] INFO  RaffleStrategyTest     - 请求参数:{"strategyId":10001,"userId":"user1"}
25-03-23.14:04:13.603 [main            ] INFO  RuleBlackListLogicFilter - 规则过滤-黑名单 userId:user1 strategyId:10001 ruleModel:rule_blacklist
25-03-23.14:04:13.717 [main            ] INFO  RaffleStrategyTest     - 第1次抽奖:{"awardId":100}
25-03-23.14:04:13.720 [main            ] INFO  RuleBlackListLogicFilter - 规则过滤-黑名单 userId:user1 strategyId:10001 ruleModel:rule_blacklist
25-03-23.14:04:13.722 [main            ] INFO  RaffleStrategyTest     - 第2次抽奖:{"awardId":100}
25-03-23.14:04:13.724 [main            ] INFO  RuleBlackListLogicFilter - 规则过滤-黑名单 userId:user1 strategyId:10001 ruleModel:rule_blacklist
25-03-23.14:04:13.726 [main            ] INFO  RaffleStrategyTest     - 第3次抽奖:{"awardId":100}
25-03-23.14:04:13.727 [main            ] INFO  RuleBlackListLogicFilter - 规则过滤-黑名单 userId:user1 strategyId:10001 ruleModel:rule_blacklist
25-03-23.14:04:13.731 [main            ] INFO  RaffleStrategyTest     - 第4次抽奖:{"awardId":100}
25-03-23.14:04:13.734 [main            ] INFO  RuleBlackListLogicFilter - 规则过滤-黑名单 userId:user1 strategyId:10001 ruleModel:rule_blacklist
25-03-23.14:04:13.737 [main            ] INFO  RaffleStrategyTest     - 第5次抽奖:{"awardId":100}
25-03-23.14:04:13.738 [main            ] INFO  RuleBlackListLogicFilter - 规则过滤-黑名单 userId:user1 strategyId:10001 ruleModel:rule_blacklist
25-03-23.14:04:13.741 [main            ] INFO  RaffleStrategyTest     - 第6次抽奖:{"awardId":100}
25-03-23.14:04:13.743 [main            ] INFO  RuleBlackListLogicFilter - 规则过滤-黑名单 userId:user1 strategyId:10001 ruleModel:rule_blacklist
25-03-23.14:04:13.745 [main            ] INFO  RaffleStrategyTest     - 第7次抽奖:{"awardId":100}
25-03-23.14:04:13.746 [main            ] INFO  RuleBlackListLogicFilter - 规则过滤-黑名单 userId:user1 strategyId:10001 ruleModel:rule_blacklist
25-03-23.14:04:13.749 [main            ] INFO  RaffleStrategyTest     - 第8次抽奖:{"awardId":100}
25-03-23.14:04:13.751 [main            ] INFO  RuleBlackListLogicFilter - 规则过滤-黑名单 userId:user1 strategyId:10001 ruleModel:rule_blacklist
25-03-23.14:04:13.753 [main            ] INFO  RaffleStrategyTest     - 第9次抽奖:{"awardId":100}
25-03-23.14:04:13.754 [main            ] INFO  RuleBlackListLogicFilter - 规则过滤-黑名单 userId:user1 strategyId:10001 ruleModel:rule_blacklist
25-03-23.14:04:13.756 [main            ] INFO  RaffleStrategyTest     - 第10次抽奖:{"awardId":100}
25-03-23.14:04:13.757 [main            ] INFO  RuleBlackListLogicFilter - 规则过滤-黑名单 userId:user1 strategyId:10001 ruleModel:rule_blacklist
25-03-23.14:04:13.758 [main            ] INFO  RaffleStrategyTest     - 第11次抽奖:{"awardId":100}
25-03-23.14:04:13.759 [main            ] INFO  RuleBlackListLogicFilter - 规则过滤-黑名单 userId:user1 strategyId:10001 ruleModel:rule_blacklist
25-03-23.14:04:13.760 [main            ] INFO  RaffleStrategyTest     - 第12次抽奖:{"awardId":100}
25-03-23.14:04:13.761 [main            ] INFO  RuleBlackListLogicFilter - 规则过滤-黑名单 userId:user1 strategyId:10001 ruleModel:rule_blacklist
25-03-23.14:04:13.762 [main            ] INFO  RaffleStrategyTest     - 第13次抽奖:{"awardId":100}
25-03-23.14:04:13.763 [main            ] INFO  RuleBlackListLogicFilter - 规则过滤-黑名单 userId:user1 strategyId:10001 ruleModel:rule_blacklist
25-03-23.14:04:13.764 [main            ] INFO  RaffleStrategyTest     - 第14次抽奖:{"awardId":100}
25-03-23.14:04:13.765 [main            ] INFO  RuleBlackListLogicFilter - 规则过滤-黑名单 userId:user1 strategyId:10001 ruleModel:rule_blacklist
25-03-23.14:04:13.766 [main            ] INFO  RaffleStrategyTest     - 第15次抽奖:{"awardId":100}
25-03-23.14:04:13.767 [main            ] INFO  RuleBlackListLogicFilter - 规则过滤-黑名单 userId:user1 strategyId:10001 ruleModel:rule_blacklist
25-03-23.14:04:13.768 [main            ] INFO  RaffleStrategyTest     - 第16次抽奖:{"awardId":100}
25-03-23.14:04:13.769 [main            ] INFO  RuleBlackListLogicFilter - 规则过滤-黑名单 userId:user1 strategyId:10001 ruleModel:rule_blacklist
25-03-23.14:04:13.770 [main            ] INFO  RaffleStrategyTest     - 第17次抽奖:{"awardId":100}
25-03-23.14:04:13.771 [main            ] INFO  RuleBlackListLogicFilter - 规则过滤-黑名单 userId:user1 strategyId:10001 ruleModel:rule_blacklist
25-03-23.14:04:13.772 [main            ] INFO  RaffleStrategyTest     - 第18次抽奖:{"awardId":100}
25-03-23.14:04:13.773 [main            ] INFO  RuleBlackListLogicFilter - 规则过滤-黑名单 userId:user1 strategyId:10001 ruleModel:rule_blacklist
25-03-23.14:04:13.774 [main            ] INFO  RaffleStrategyTest     - 第19次抽奖:{"awardId":100}
25-03-23.14:04:13.774 [main            ] INFO  RuleBlackListLogicFilter - 规则过滤-黑名单 userId:user1 strategyId:10001 ruleModel:rule_blacklist
25-03-23.14:04:13.776 [main            ] INFO  RaffleStrategyTest     - 第20次抽奖:{"awardId":100}
25-03-23.14:04:13.776 [main            ] INFO  RuleBlackListLogicFilter - 规则过滤-黑名单 userId:user1 strategyId:10001 ruleModel:rule_blacklist
25-03-23.14:04:13.777 [main            ] INFO  RaffleStrategyTest     - 第21次抽奖:{"awardId":100}
25-03-23.14:04:13.778 [main            ] INFO  RuleBlackListLogicFilter - 规则过滤-黑名单 userId:user1 strategyId:10001 ruleModel:rule_blacklist
25-03-23.14:04:13.779 [main            ] INFO  RaffleStrategyTest     - 第22次抽奖:{"awardId":100}
25-03-23.14:04:13.780 [main            ] INFO  RuleBlackListLogicFilter - 规则过滤-黑名单 userId:user1 strategyId:10001 ruleModel:rule_blacklist
25-03-23.14:04:13.781 [main            ] INFO  RaffleStrategyTest     - 第23次抽奖:{"awardId":100}
25-03-23.14:04:13.782 [main            ] INFO  RuleBlackListLogicFilter - 规则过滤-黑名单 userId:user1 strategyId:10001 ruleModel:rule_blacklist
25-03-23.14:04:13.784 [main            ] INFO  RaffleStrategyTest     - 第24次抽奖:{"awardId":100}
25-03-23.14:04:13.785 [main            ] INFO  RuleBlackListLogicFilter - 规则过滤-黑名单 userId:user1 strategyId:10001 ruleModel:rule_blacklist
25-03-23.14:04:13.786 [main            ] INFO  RaffleStrategyTest     - 第25次抽奖:{"awardId":100}
25-03-23.14:04:13.787 [main            ] INFO  RuleBlackListLogicFilter - 规则过滤-黑名单 userId:user1 strategyId:10001 ruleModel:rule_blacklist
25-03-23.14:04:13.788 [main            ] INFO  RaffleStrategyTest     - 第26次抽奖:{"awardId":100}
25-03-23.14:04:13.789 [main            ] INFO  RuleBlackListLogicFilter - 规则过滤-黑名单 userId:user1 strategyId:10001 ruleModel:rule_blacklist
25-03-23.14:04:13.791 [main            ] INFO  RaffleStrategyTest     - 第27次抽奖:{"awardId":100}
25-03-23.14:04:13.791 [main            ] INFO  RuleBlackListLogicFilter - 规则过滤-黑名单 userId:user1 strategyId:10001 ruleModel:rule_blacklist
25-03-23.14:04:13.793 [main            ] INFO  RaffleStrategyTest     - 第28次抽奖:{"awardId":100}
25-03-23.14:04:13.794 [main            ] INFO  RuleBlackListLogicFilter - 规则过滤-黑名单 userId:user1 strategyId:10001 ruleModel:rule_blacklist
25-03-23.14:04:13.795 [main            ] INFO  RaffleStrategyTest     - 第29次抽奖:{"awardId":100}
25-03-23.14:04:13.796 [main            ] INFO  RuleBlackListLogicFilter - 规则过滤-黑名单 userId:user1 strategyId:10001 ruleModel:rule_blacklist
25-03-23.14:04:13.798 [main            ] INFO  RaffleStrategyTest     - 第30次抽奖:{"awardId":100}
25-03-23.14:04:13.799 [main            ] INFO  RuleBlackListLogicFilter - 规则过滤-黑名单 userId:user1 strategyId:10001 ruleModel:rule_blacklist
25-03-23.14:04:13.801 [main            ] INFO  RaffleStrategyTest     - 第31次抽奖:{"awardId":100}
25-03-23.14:04:13.802 [main            ] INFO  RuleBlackListLogicFilter - 规则过滤-黑名单 userId:user1 strategyId:10001 ruleModel:rule_blacklist
25-03-23.14:04:13.803 [main            ] INFO  RaffleStrategyTest     - 第32次抽奖:{"awardId":100}
25-03-23.14:04:13.804 [main            ] INFO  RuleBlackListLogicFilter - 规则过滤-黑名单 userId:user1 strategyId:10001 ruleModel:rule_blacklist
25-03-23.14:04:13.806 [main            ] INFO  RaffleStrategyTest     - 第33次抽奖:{"awardId":100}
25-03-23.14:04:13.806 [main            ] INFO  RuleBlackListLogicFilter - 规则过滤-黑名单 userId:user1 strategyId:10001 ruleModel:rule_blacklist
25-03-23.14:04:13.807 [main            ] INFO  RaffleStrategyTest     - 第34次抽奖:{"awardId":100}
25-03-23.14:04:13.808 [main            ] INFO  RuleBlackListLogicFilter - 规则过滤-黑名单 userId:user1 strategyId:10001 ruleModel:rule_blacklist
25-03-23.14:04:13.809 [main            ] INFO  RaffleStrategyTest     - 第35次抽奖:{"awardId":100}
25-03-23.14:04:13.810 [main            ] INFO  RuleBlackListLogicFilter - 规则过滤-黑名单 userId:user1 strategyId:10001 ruleModel:rule_blacklist
25-03-23.14:04:13.811 [main            ] INFO  RaffleStrategyTest     - 第36次抽奖:{"awardId":100}
25-03-23.14:04:13.811 [main            ] INFO  RuleBlackListLogicFilter - 规则过滤-黑名单 userId:user1 strategyId:10001 ruleModel:rule_blacklist
25-03-23.14:04:13.812 [main            ] INFO  RaffleStrategyTest     - 第37次抽奖:{"awardId":100}
25-03-23.14:04:13.813 [main            ] INFO  RuleBlackListLogicFilter - 规则过滤-黑名单 userId:user1 strategyId:10001 ruleModel:rule_blacklist
25-03-23.14:04:13.814 [main            ] INFO  RaffleStrategyTest     - 第38次抽奖:{"awardId":100}
25-03-23.14:04:13.815 [main            ] INFO  RuleBlackListLogicFilter - 规则过滤-黑名单 userId:user1 strategyId:10001 ruleModel:rule_blacklist
25-03-23.14:04:13.816 [main            ] INFO  RaffleStrategyTest     - 第39次抽奖:{"awardId":100}
25-03-23.14:04:13.817 [main            ] INFO  RuleBlackListLogicFilter - 规则过滤-黑名单 userId:user1 strategyId:10001 ruleModel:rule_blacklist
25-03-23.14:04:13.818 [main            ] INFO  RaffleStrategyTest     - 第40次抽奖:{"awardId":100}
25-03-23.14:04:13.819 [main            ] INFO  RuleBlackListLogicFilter - 规则过滤-黑名单 userId:user1 strategyId:10001 ruleModel:rule_blacklist
25-03-23.14:04:13.820 [main            ] INFO  RaffleStrategyTest     - 第41次抽奖:{"awardId":100}
25-03-23.14:04:13.820 [main            ] INFO  RuleBlackListLogicFilter - 规则过滤-黑名单 userId:user1 strategyId:10001 ruleModel:rule_blacklist
25-03-23.14:04:13.822 [main            ] INFO  RaffleStrategyTest     - 第42次抽奖:{"awardId":100}
25-03-23.14:04:13.823 [main            ] INFO  RuleBlackListLogicFilter - 规则过滤-黑名单 userId:user1 strategyId:10001 ruleModel:rule_blacklist
25-03-23.14:04:13.824 [main            ] INFO  RaffleStrategyTest     - 第43次抽奖:{"awardId":100}
25-03-23.14:04:13.825 [main            ] INFO  RuleBlackListLogicFilter - 规则过滤-黑名单 userId:user1 strategyId:10001 ruleModel:rule_blacklist
25-03-23.14:04:13.826 [main            ] INFO  RaffleStrategyTest     - 第44次抽奖:{"awardId":100}
25-03-23.14:04:13.827 [main            ] INFO  RuleBlackListLogicFilter - 规则过滤-黑名单 userId:user1 strategyId:10001 ruleModel:rule_blacklist
25-03-23.14:04:13.829 [main            ] INFO  RaffleStrategyTest     - 第45次抽奖:{"awardId":100}
25-03-23.14:04:13.830 [main            ] INFO  RuleBlackListLogicFilter - 规则过滤-黑名单 userId:user1 strategyId:10001 ruleModel:rule_blacklist
25-03-23.14:04:13.831 [main            ] INFO  RaffleStrategyTest     - 第46次抽奖:{"awardId":100}
25-03-23.14:04:13.832 [main            ] INFO  RuleBlackListLogicFilter - 规则过滤-黑名单 userId:user1 strategyId:10001 ruleModel:rule_blacklist
25-03-23.14:04:13.833 [main            ] INFO  RaffleStrategyTest     - 第47次抽奖:{"awardId":100}
25-03-23.14:04:13.834 [main            ] INFO  RuleBlackListLogicFilter - 规则过滤-黑名单 userId:user1 strategyId:10001 ruleModel:rule_blacklist
25-03-23.14:04:13.835 [main            ] INFO  RaffleStrategyTest     - 第48次抽奖:{"awardId":100}
25-03-23.14:04:13.836 [main            ] INFO  RuleBlackListLogicFilter - 规则过滤-黑名单 userId:user1 strategyId:10001 ruleModel:rule_blacklist
25-03-23.14:04:13.837 [main            ] INFO  RaffleStrategyTest     - 第49次抽奖:{"awardId":100}
25-03-23.14:04:13.838 [main            ] INFO  RuleBlackListLogicFilter - 规则过滤-黑名单 userId:user1 strategyId:10001 ruleModel:rule_blacklist
25-03-23.14:04:13.839 [main            ] INFO  RaffleStrategyTest     - 第50次抽奖:{"awardId":100}
25-03-23.14:04:13.840 [main            ] INFO  RuleBlackListLogicFilter - 规则过滤-黑名单 userId:user1 strategyId:10001 ruleModel:rule_blacklist
25-03-23.14:04:13.843 [main            ] INFO  RaffleStrategyTest     - 第51次抽奖:{"awardId":100}
25-03-23.14:04:13.844 [main            ] INFO  RuleBlackListLogicFilter - 规则过滤-黑名单 userId:user1 strategyId:10001 ruleModel:rule_blacklist
25-03-23.14:04:13.846 [main            ] INFO  RaffleStrategyTest     - 第52次抽奖:{"awardId":100}
25-03-23.14:04:13.848 [main            ] INFO  RuleBlackListLogicFilter - 规则过滤-黑名单 userId:user1 strategyId:10001 ruleModel:rule_blacklist
25-03-23.14:04:13.851 [main            ] INFO  RaffleStrategyTest     - 第53次抽奖:{"awardId":100}
25-03-23.14:04:13.852 [main            ] INFO  RuleBlackListLogicFilter - 规则过滤-黑名单 userId:user1 strategyId:10001 ruleModel:rule_blacklist
25-03-23.14:04:13.854 [main            ] INFO  RaffleStrategyTest     - 第54次抽奖:{"awardId":100}
25-03-23.14:04:13.855 [main            ] INFO  RuleBlackListLogicFilter - 规则过滤-黑名单 userId:user1 strategyId:10001 ruleModel:rule_blacklist
25-03-23.14:04:13.857 [main            ] INFO  RaffleStrategyTest     - 第55次抽奖:{"awardId":100}
25-03-23.14:04:13.858 [main            ] INFO  RuleBlackListLogicFilter - 规则过滤-黑名单 userId:user1 strategyId:10001 ruleModel:rule_blacklist
25-03-23.14:04:13.860 [main            ] INFO  RaffleStrategyTest     - 第56次抽奖:{"awardId":100}
25-03-23.14:04:13.861 [main            ] INFO  RuleBlackListLogicFilter - 规则过滤-黑名单 userId:user1 strategyId:10001 ruleModel:rule_blacklist
25-03-23.14:04:13.862 [main            ] INFO  RaffleStrategyTest     - 第57次抽奖:{"awardId":100}
25-03-23.14:04:13.864 [main            ] INFO  RuleBlackListLogicFilter - 规则过滤-黑名单 userId:user1 strategyId:10001 ruleModel:rule_blacklist
25-03-23.14:04:13.865 [main            ] INFO  RaffleStrategyTest     - 第58次抽奖:{"awardId":100}
25-03-23.14:04:13.865 [main            ] INFO  RuleBlackListLogicFilter - 规则过滤-黑名单 userId:user1 strategyId:10001 ruleModel:rule_blacklist
25-03-23.14:04:13.867 [main            ] INFO  RaffleStrategyTest     - 第59次抽奖:{"awardId":100}
25-03-23.14:04:13.867 [main            ] INFO  RuleBlackListLogicFilter - 规则过滤-黑名单 userId:user1 strategyId:10001 ruleModel:rule_blacklist
25-03-23.14:04:13.869 [main            ] INFO  RaffleStrategyTest     - 第60次抽奖:{"awardId":100}
25-03-23.14:04:13.869 [main            ] INFO  RuleBlackListLogicFilter - 规则过滤-黑名单 userId:user1 strategyId:10001 ruleModel:rule_blacklist
25-03-23.14:04:13.870 [main            ] INFO  RaffleStrategyTest     - 第61次抽奖:{"awardId":100}
25-03-23.14:04:13.871 [main            ] INFO  RuleBlackListLogicFilter - 规则过滤-黑名单 userId:user1 strategyId:10001 ruleModel:rule_blacklist
25-03-23.14:04:13.873 [main            ] INFO  RaffleStrategyTest     - 第62次抽奖:{"awardId":100}
25-03-23.14:04:13.873 [main            ] INFO  RuleBlackListLogicFilter - 规则过滤-黑名单 userId:user1 strategyId:10001 ruleModel:rule_blacklist
25-03-23.14:04:13.876 [main            ] INFO  RaffleStrategyTest     - 第63次抽奖:{"awardId":100}
25-03-23.14:04:13.877 [main            ] INFO  RuleBlackListLogicFilter - 规则过滤-黑名单 userId:user1 strategyId:10001 ruleModel:rule_blacklist
25-03-23.14:04:13.878 [main            ] INFO  RaffleStrategyTest     - 第64次抽奖:{"awardId":100}
25-03-23.14:04:13.879 [main            ] INFO  RuleBlackListLogicFilter - 规则过滤-黑名单 userId:user1 strategyId:10001 ruleModel:rule_blacklist
25-03-23.14:04:13.880 [main            ] INFO  RaffleStrategyTest     - 第65次抽奖:{"awardId":100}
25-03-23.14:04:13.881 [main            ] INFO  RuleBlackListLogicFilter - 规则过滤-黑名单 userId:user1 strategyId:10001 ruleModel:rule_blacklist
25-03-23.14:04:13.882 [main            ] INFO  RaffleStrategyTest     - 第66次抽奖:{"awardId":100}
25-03-23.14:04:13.883 [main            ] INFO  RuleBlackListLogicFilter - 规则过滤-黑名单 userId:user1 strategyId:10001 ruleModel:rule_blacklist
25-03-23.14:04:13.884 [main            ] INFO  RaffleStrategyTest     - 第67次抽奖:{"awardId":100}
25-03-23.14:04:13.885 [main            ] INFO  RuleBlackListLogicFilter - 规则过滤-黑名单 userId:user1 strategyId:10001 ruleModel:rule_blacklist
25-03-23.14:04:13.886 [main            ] INFO  RaffleStrategyTest     - 第68次抽奖:{"awardId":100}
25-03-23.14:04:13.887 [main            ] INFO  RuleBlackListLogicFilter - 规则过滤-黑名单 userId:user1 strategyId:10001 ruleModel:rule_blacklist
25-03-23.14:04:13.888 [main            ] INFO  RaffleStrategyTest     - 第69次抽奖:{"awardId":100}
25-03-23.14:04:13.889 [main            ] INFO  RuleBlackListLogicFilter - 规则过滤-黑名单 userId:user1 strategyId:10001 ruleModel:rule_blacklist
25-03-23.14:04:13.891 [main            ] INFO  RaffleStrategyTest     - 第70次抽奖:{"awardId":100}
25-03-23.14:04:13.893 [main            ] INFO  RuleBlackListLogicFilter - 规则过滤-黑名单 userId:user1 strategyId:10001 ruleModel:rule_blacklist
25-03-23.14:04:13.896 [main            ] INFO  RaffleStrategyTest     - 第71次抽奖:{"awardId":100}
25-03-23.14:04:13.897 [main            ] INFO  RuleBlackListLogicFilter - 规则过滤-黑名单 userId:user1 strategyId:10001 ruleModel:rule_blacklist
25-03-23.14:04:13.899 [main            ] INFO  RaffleStrategyTest     - 第72次抽奖:{"awardId":100}
25-03-23.14:04:13.900 [main            ] INFO  RuleBlackListLogicFilter - 规则过滤-黑名单 userId:user1 strategyId:10001 ruleModel:rule_blacklist
25-03-23.14:04:13.901 [main            ] INFO  RaffleStrategyTest     - 第73次抽奖:{"awardId":100}
25-03-23.14:04:13.903 [main            ] INFO  RuleBlackListLogicFilter - 规则过滤-黑名单 userId:user1 strategyId:10001 ruleModel:rule_blacklist
25-03-23.14:04:13.905 [main            ] INFO  RaffleStrategyTest     - 第74次抽奖:{"awardId":100}
25-03-23.14:04:13.906 [main            ] INFO  RuleBlackListLogicFilter - 规则过滤-黑名单 userId:user1 strategyId:10001 ruleModel:rule_blacklist
25-03-23.14:04:13.907 [main            ] INFO  RaffleStrategyTest     - 第75次抽奖:{"awardId":100}
25-03-23.14:04:13.908 [main            ] INFO  RuleBlackListLogicFilter - 规则过滤-黑名单 userId:user1 strategyId:10001 ruleModel:rule_blacklist
25-03-23.14:04:13.909 [main            ] INFO  RaffleStrategyTest     - 第76次抽奖:{"awardId":100}
25-03-23.14:04:13.911 [main            ] INFO  RuleBlackListLogicFilter - 规则过滤-黑名单 userId:user1 strategyId:10001 ruleModel:rule_blacklist
25-03-23.14:04:13.912 [main            ] INFO  RaffleStrategyTest     - 第77次抽奖:{"awardId":100}
25-03-23.14:04:13.913 [main            ] INFO  RuleBlackListLogicFilter - 规则过滤-黑名单 userId:user1 strategyId:10001 ruleModel:rule_blacklist
25-03-23.14:04:13.913 [main            ] INFO  RaffleStrategyTest     - 第78次抽奖:{"awardId":100}
25-03-23.14:04:13.914 [main            ] INFO  RuleBlackListLogicFilter - 规则过滤-黑名单 userId:user1 strategyId:10001 ruleModel:rule_blacklist
25-03-23.14:04:13.915 [main            ] INFO  RaffleStrategyTest     - 第79次抽奖:{"awardId":100}
25-03-23.14:04:13.916 [main            ] INFO  RuleBlackListLogicFilter - 规则过滤-黑名单 userId:user1 strategyId:10001 ruleModel:rule_blacklist
25-03-23.14:04:13.917 [main            ] INFO  RaffleStrategyTest     - 第80次抽奖:{"awardId":100}
25-03-23.14:04:13.918 [main            ] INFO  RuleBlackListLogicFilter - 规则过滤-黑名单 userId:user1 strategyId:10001 ruleModel:rule_blacklist
25-03-23.14:04:13.919 [main            ] INFO  RaffleStrategyTest     - 第81次抽奖:{"awardId":100}
25-03-23.14:04:13.920 [main            ] INFO  RuleBlackListLogicFilter - 规则过滤-黑名单 userId:user1 strategyId:10001 ruleModel:rule_blacklist
25-03-23.14:04:13.922 [main            ] INFO  RaffleStrategyTest     - 第82次抽奖:{"awardId":100}
25-03-23.14:04:13.923 [main            ] INFO  RuleBlackListLogicFilter - 规则过滤-黑名单 userId:user1 strategyId:10001 ruleModel:rule_blacklist
25-03-23.14:04:13.924 [main            ] INFO  RaffleStrategyTest     - 第83次抽奖:{"awardId":100}
25-03-23.14:04:13.926 [main            ] INFO  RuleBlackListLogicFilter - 规则过滤-黑名单 userId:user1 strategyId:10001 ruleModel:rule_blacklist
25-03-23.14:04:13.927 [main            ] INFO  RaffleStrategyTest     - 第84次抽奖:{"awardId":100}
25-03-23.14:04:13.928 [main            ] INFO  RuleBlackListLogicFilter - 规则过滤-黑名单 userId:user1 strategyId:10001 ruleModel:rule_blacklist
25-03-23.14:04:13.930 [main            ] INFO  RaffleStrategyTest     - 第85次抽奖:{"awardId":100}
25-03-23.14:04:13.931 [main            ] INFO  RuleBlackListLogicFilter - 规则过滤-黑名单 userId:user1 strategyId:10001 ruleModel:rule_blacklist
25-03-23.14:04:13.932 [main            ] INFO  RaffleStrategyTest     - 第86次抽奖:{"awardId":100}
25-03-23.14:04:13.933 [main            ] INFO  RuleBlackListLogicFilter - 规则过滤-黑名单 userId:user1 strategyId:10001 ruleModel:rule_blacklist
25-03-23.14:04:13.935 [main            ] INFO  RaffleStrategyTest     - 第87次抽奖:{"awardId":100}
25-03-23.14:04:13.936 [main            ] INFO  RuleBlackListLogicFilter - 规则过滤-黑名单 userId:user1 strategyId:10001 ruleModel:rule_blacklist
25-03-23.14:04:13.938 [main            ] INFO  RaffleStrategyTest     - 第88次抽奖:{"awardId":100}
25-03-23.14:04:13.939 [main            ] INFO  RuleBlackListLogicFilter - 规则过滤-黑名单 userId:user1 strategyId:10001 ruleModel:rule_blacklist
25-03-23.14:04:13.941 [main            ] INFO  RaffleStrategyTest     - 第89次抽奖:{"awardId":100}
25-03-23.14:04:13.943 [main            ] INFO  RuleBlackListLogicFilter - 规则过滤-黑名单 userId:user1 strategyId:10001 ruleModel:rule_blacklist
25-03-23.14:04:13.944 [main            ] INFO  RaffleStrategyTest     - 第90次抽奖:{"awardId":100}
25-03-23.14:04:13.945 [main            ] INFO  RuleBlackListLogicFilter - 规则过滤-黑名单 userId:user1 strategyId:10001 ruleModel:rule_blacklist
25-03-23.14:04:13.947 [main            ] INFO  RaffleStrategyTest     - 第91次抽奖:{"awardId":100}
25-03-23.14:04:13.947 [main            ] INFO  RuleBlackListLogicFilter - 规则过滤-黑名单 userId:user1 strategyId:10001 ruleModel:rule_blacklist
25-03-23.14:04:13.949 [main            ] INFO  RaffleStrategyTest     - 第92次抽奖:{"awardId":100}
25-03-23.14:04:13.950 [main            ] INFO  RuleBlackListLogicFilter - 规则过滤-黑名单 userId:user1 strategyId:10001 ruleModel:rule_blacklist
25-03-23.14:04:13.951 [main            ] INFO  RaffleStrategyTest     - 第93次抽奖:{"awardId":100}
25-03-23.14:04:13.952 [main            ] INFO  RuleBlackListLogicFilter - 规则过滤-黑名单 userId:user1 strategyId:10001 ruleModel:rule_blacklist
25-03-23.14:04:13.954 [main            ] INFO  RaffleStrategyTest     - 第94次抽奖:{"awardId":100}
25-03-23.14:04:13.955 [main            ] INFO  RuleBlackListLogicFilter - 规则过滤-黑名单 userId:user1 strategyId:10001 ruleModel:rule_blacklist
25-03-23.14:04:13.956 [main            ] INFO  RaffleStrategyTest     - 第95次抽奖:{"awardId":100}
25-03-23.14:04:13.957 [main            ] INFO  RuleBlackListLogicFilter - 规则过滤-黑名单 userId:user1 strategyId:10001 ruleModel:rule_blacklist
25-03-23.14:04:13.959 [main            ] INFO  RaffleStrategyTest     - 第96次抽奖:{"awardId":100}
25-03-23.14:04:13.960 [main            ] INFO  RuleBlackListLogicFilter - 规则过滤-黑名单 userId:user1 strategyId:10001 ruleModel:rule_blacklist
25-03-23.14:04:13.961 [main            ] INFO  RaffleStrategyTest     - 第97次抽奖:{"awardId":100}
25-03-23.14:04:13.963 [main            ] INFO  RuleBlackListLogicFilter - 规则过滤-黑名单 userId:user1 strategyId:10001 ruleModel:rule_blacklist
25-03-23.14:04:13.964 [main            ] INFO  RaffleStrategyTest     - 第98次抽奖:{"awardId":100}
25-03-23.14:04:13.964 [main            ] INFO  RuleBlackListLogicFilter - 规则过滤-黑名单 userId:user1 strategyId:10001 ruleModel:rule_blacklist
25-03-23.14:04:13.966 [main            ] INFO  RaffleStrategyTest     - 第99次抽奖:{"awardId":100}
25-03-23.14:04:13.966 [main            ] INFO  RuleBlackListLogicFilter - 规则过滤-黑名单 userId:user1 strategyId:10001 ruleModel:rule_blacklist
25-03-23.14:04:13.968 [main            ] INFO  RaffleStrategyTest     - 第100次抽奖:{"awardId":100}
25-03-23.14:04:16.094 [SpringApplicationShutdownHook] INFO  HikariDataSource       - HikariPool-1 - Shutdown initiated...
25-03-23.14:04:16.101 [SpringApplicationShutdownHook] INFO  HikariDataSource       - HikariPool-1 - Shutdown completed.
25-03-24.14:35:11.508 [main            ] INFO  RaffleStrategyTest     - Starting RaffleStrategyTest using Java 21.0.4 on DESKTOP-DJN13UV with PID 16652 (started by MUZ in G:\prog\java\big-market\big-market-app)
25-03-24.14:35:11.509 [main            ] INFO  RaffleStrategyTest     - The following 1 profile is active: "dev"
25-03-24.14:35:12.865 [main            ] INFO  RepositoryConfigurationDelegate - Multiple Spring Data modules found, entering strict repository configuration mode
25-03-24.14:35:12.869 [main            ] INFO  RepositoryConfigurationDelegate - Bootstrapping Spring Data Redis repositories in DEFAULT mode.
25-03-24.14:35:12.908 [main            ] INFO  RepositoryConfigurationDelegate - Finished Spring Data repository scanning in 15 ms. Found 0 Redis repository interfaces.
25-03-24.14:35:14.524 [main            ] INFO  Version                - Redisson 3.32.0
25-03-24.14:35:14.792 [main            ] WARN  SequentialDnsAddressResolverFactory - DNS TCP fallback on UDP query timeout disabled. Upgrade Netty to 4.1.105 or higher.
25-03-24.14:35:20.082 [main            ] WARN  GenericWebApplicationContext - Exception encountered during context initialization - cancelling refresh attempt: org.springframework.beans.factory.UnsatisfiedDependencyException: Error creating bean with name 'defaultRaffleStrategy' defined in file [G:\prog\java\big-market\big-market-domain\target\classes\com\share\domain\strategy\service\Raffle\DefaultRaffleStrategy.class]: Unsatisfied dependency expressed through constructor parameter 0; nested exception is org.springframework.beans.factory.UnsatisfiedDependencyException: Error creating bean with name 'strategyRepository': Unsatisfied dependency expressed through field 'redisService'; nested exception is org.springframework.beans.factory.BeanCreationException: Error creating bean with name 'redissonService': Injection of resource dependencies failed; nested exception is org.springframework.beans.factory.BeanCreationException: Error creating bean with name 'redissonClient' defined in class path resource [com/share/config/RedisClientConfig.class]: Bean instantiation via factory method failed; nested exception is org.springframework.beans.BeanInstantiationException: Failed to instantiate [org.redisson.api.RedissonClient]: Factory method 'redissonClient' threw exception; nested exception is org.redisson.client.RedisConnectionException: java.util.concurrent.ExecutionException: org.redisson.client.RedisConnectionException: Unable to connect to Redis server: 127.0.0.1/127.0.0.1:6379
25-03-24.14:35:20.092 [main            ] INFO  ConditionEvaluationReportLoggingListener - 

Error starting ApplicationContext. To display the conditions report re-run your application with 'debug' enabled.
25-03-24.14:35:20.112 [main            ] ERROR SpringApplication      - Application run failed
org.springframework.beans.factory.UnsatisfiedDependencyException: Error creating bean with name 'defaultRaffleStrategy' defined in file [G:\prog\java\big-market\big-market-domain\target\classes\com\share\domain\strategy\service\Raffle\DefaultRaffleStrategy.class]: Unsatisfied dependency expressed through constructor parameter 0; nested exception is org.springframework.beans.factory.UnsatisfiedDependencyException: Error creating bean with name 'strategyRepository': Unsatisfied dependency expressed through field 'redisService'; nested exception is org.springframework.beans.factory.BeanCreationException: Error creating bean with name 'redissonService': Injection of resource dependencies failed; nested exception is org.springframework.beans.factory.BeanCreationException: Error creating bean with name 'redissonClient' defined in class path resource [com/share/config/RedisClientConfig.class]: Bean instantiation via factory method failed; nested exception is org.springframework.beans.BeanInstantiationException: Failed to instantiate [org.redisson.api.RedissonClient]: Factory method 'redissonClient' threw exception; nested exception is org.redisson.client.RedisConnectionException: java.util.concurrent.ExecutionException: org.redisson.client.RedisConnectionException: Unable to connect to Redis server: 127.0.0.1/127.0.0.1:6379
	at org.springframework.beans.factory.support.ConstructorResolver.createArgumentArray(ConstructorResolver.java:800)
	at org.springframework.beans.factory.support.ConstructorResolver.autowireConstructor(ConstructorResolver.java:229)
	at org.springframework.beans.factory.support.AbstractAutowireCapableBeanFactory.autowireConstructor(AbstractAutowireCapableBeanFactory.java:1372)
	at org.springframework.beans.factory.support.AbstractAutowireCapableBeanFactory.createBeanInstance(AbstractAutowireCapableBeanFactory.java:1222)
	at org.springframework.beans.factory.support.AbstractAutowireCapableBeanFactory.doCreateBean(AbstractAutowireCapableBeanFactory.java:582)
	at org.springframework.beans.factory.support.AbstractAutowireCapableBeanFactory.createBean(AbstractAutowireCapableBeanFactory.java:542)
	at org.springframework.beans.factory.support.AbstractBeanFactory.lambda$doGetBean$0(AbstractBeanFactory.java:335)
	at org.springframework.beans.factory.support.DefaultSingletonBeanRegistry.getSingleton(DefaultSingletonBeanRegistry.java:234)
	at org.springframework.beans.factory.support.AbstractBeanFactory.doGetBean(AbstractBeanFactory.java:333)
	at org.springframework.beans.factory.support.AbstractBeanFactory.getBean(AbstractBeanFactory.java:208)
	at org.springframework.beans.factory.support.DefaultListableBeanFactory.preInstantiateSingletons(DefaultListableBeanFactory.java:955)
	at org.springframework.context.support.AbstractApplicationContext.finishBeanFactoryInitialization(AbstractApplicationContext.java:920)
	at org.springframework.context.support.AbstractApplicationContext.refresh(AbstractApplicationContext.java:583)
	at org.springframework.boot.SpringApplication.refresh(SpringApplication.java:731)
	at org.springframework.boot.SpringApplication.refreshContext(SpringApplication.java:408)
	at org.springframework.boot.SpringApplication.run(SpringApplication.java:307)
	at org.springframework.boot.test.context.SpringBootContextLoader.loadContext(SpringBootContextLoader.java:136)
	at org.springframework.test.context.cache.DefaultCacheAwareContextLoaderDelegate.loadContextInternal(DefaultCacheAwareContextLoaderDelegate.java:141)
	at org.springframework.test.context.cache.DefaultCacheAwareContextLoaderDelegate.loadContext(DefaultCacheAwareContextLoaderDelegate.java:90)
	at org.springframework.test.context.support.DefaultTestContext.getApplicationContext(DefaultTestContext.java:124)
	at org.springframework.test.context.web.ServletTestExecutionListener.setUpRequestContextIfNecessary(ServletTestExecutionListener.java:190)
	at org.springframework.test.context.web.ServletTestExecutionListener.prepareTestInstance(ServletTestExecutionListener.java:132)
	at org.springframework.test.context.TestContextManager.prepareTestInstance(TestContextManager.java:248)
	at org.springframework.test.context.junit4.SpringJUnit4ClassRunner.createTest(SpringJUnit4ClassRunner.java:227)
	at org.springframework.test.context.junit4.SpringJUnit4ClassRunner$1.runReflectiveCall(SpringJUnit4ClassRunner.java:289)
	at org.junit.internal.runners.model.ReflectiveCallable.run(ReflectiveCallable.java:12)
	at org.springframework.test.context.junit4.SpringJUnit4ClassRunner.methodBlock(SpringJUnit4ClassRunner.java:291)
	at org.springframework.test.context.junit4.SpringJUnit4ClassRunner.runChild(SpringJUnit4ClassRunner.java:246)
	at org.springframework.test.context.junit4.SpringJUnit4ClassRunner.runChild(SpringJUnit4ClassRunner.java:97)
	at org.junit.runners.ParentRunner$4.run(ParentRunner.java:331)
	at org.junit.runners.ParentRunner$1.schedule(ParentRunner.java:79)
	at org.junit.runners.ParentRunner.runChildren(ParentRunner.java:329)
	at org.junit.runners.ParentRunner.access$100(ParentRunner.java:66)
	at org.junit.runners.ParentRunner$2.evaluate(ParentRunner.java:293)
	at org.springframework.test.context.junit4.statements.RunBeforeTestClassCallbacks.evaluate(RunBeforeTestClassCallbacks.java:61)
	at org.springframework.test.context.junit4.statements.RunAfterTestClassCallbacks.evaluate(RunAfterTestClassCallbacks.java:70)
	at org.junit.runners.ParentRunner$3.evaluate(ParentRunner.java:306)
	at org.junit.runners.ParentRunner.run(ParentRunner.java:413)
	at org.springframework.test.context.junit4.SpringJUnit4ClassRunner.run(SpringJUnit4ClassRunner.java:190)
	at org.junit.runner.JUnitCore.run(JUnitCore.java:137)
	at com.intellij.junit4.JUnit4IdeaTestRunner.startRunnerWithArgs(JUnit4IdeaTestRunner.java:69)
	at com.intellij.rt.junit.IdeaTestRunner$Repeater$1.execute(IdeaTestRunner.java:38)
	at com.intellij.rt.execution.junit.TestsRepeater.repeat(TestsRepeater.java:11)
	at com.intellij.rt.junit.IdeaTestRunner$Repeater.startRunnerWithArgs(IdeaTestRunner.java:35)
	at com.intellij.rt.junit.JUnitStarter.prepareStreamsAndStart(JUnitStarter.java:232)
	at com.intellij.rt.junit.JUnitStarter.main(JUnitStarter.java:55)
Caused by: org.springframework.beans.factory.UnsatisfiedDependencyException: Error creating bean with name 'strategyRepository': Unsatisfied dependency expressed through field 'redisService'; nested exception is org.springframework.beans.factory.BeanCreationException: Error creating bean with name 'redissonService': Injection of resource dependencies failed; nested exception is org.springframework.beans.factory.BeanCreationException: Error creating bean with name 'redissonClient' defined in class path resource [com/share/config/RedisClientConfig.class]: Bean instantiation via factory method failed; nested exception is org.springframework.beans.BeanInstantiationException: Failed to instantiate [org.redisson.api.RedissonClient]: Factory method 'redissonClient' threw exception; nested exception is org.redisson.client.RedisConnectionException: java.util.concurrent.ExecutionException: org.redisson.client.RedisConnectionException: Unable to connect to Redis server: 127.0.0.1/127.0.0.1:6379
	at org.springframework.beans.factory.annotation.AutowiredAnnotationBeanPostProcessor$AutowiredFieldElement.resolveFieldValue(AutowiredAnnotationBeanPostProcessor.java:660)
	at org.springframework.beans.factory.annotation.AutowiredAnnotationBeanPostProcessor$AutowiredFieldElement.inject(AutowiredAnnotationBeanPostProcessor.java:640)
	at org.springframework.beans.factory.annotation.InjectionMetadata.inject(InjectionMetadata.java:119)
	at org.springframework.beans.factory.annotation.AutowiredAnnotationBeanPostProcessor.postProcessProperties(AutowiredAnnotationBeanPostProcessor.java:399)
	at org.springframework.beans.factory.support.AbstractAutowireCapableBeanFactory.populateBean(AbstractAutowireCapableBeanFactory.java:1431)
	at org.springframework.beans.factory.support.AbstractAutowireCapableBeanFactory.doCreateBean(AbstractAutowireCapableBeanFactory.java:619)
	at org.springframework.beans.factory.support.AbstractAutowireCapableBeanFactory.createBean(AbstractAutowireCapableBeanFactory.java:542)
	at org.springframework.beans.factory.support.AbstractBeanFactory.lambda$doGetBean$0(AbstractBeanFactory.java:335)
	at org.springframework.beans.factory.support.DefaultSingletonBeanRegistry.getSingleton(DefaultSingletonBeanRegistry.java:234)
	at org.springframework.beans.factory.support.AbstractBeanFactory.doGetBean(AbstractBeanFactory.java:333)
	at org.springframework.beans.factory.support.AbstractBeanFactory.getBean(AbstractBeanFactory.java:208)
	at org.springframework.beans.factory.config.DependencyDescriptor.resolveCandidate(DependencyDescriptor.java:276)
	at org.springframework.beans.factory.support.DefaultListableBeanFactory.doResolveDependency(DefaultListableBeanFactory.java:1391)
	at org.springframework.beans.factory.support.DefaultListableBeanFactory.resolveDependency(DefaultListableBeanFactory.java:1311)
	at org.springframework.beans.factory.support.ConstructorResolver.resolveAutowiredArgument(ConstructorResolver.java:887)
	at org.springframework.beans.factory.support.ConstructorResolver.createArgumentArray(ConstructorResolver.java:791)
	... 45 common frames omitted
Caused by: org.springframework.beans.factory.BeanCreationException: Error creating bean with name 'redissonService': Injection of resource dependencies failed; nested exception is org.springframework.beans.factory.BeanCreationException: Error creating bean with name 'redissonClient' defined in class path resource [com/share/config/RedisClientConfig.class]: Bean instantiation via factory method failed; nested exception is org.springframework.beans.BeanInstantiationException: Failed to instantiate [org.redisson.api.RedissonClient]: Factory method 'redissonClient' threw exception; nested exception is org.redisson.client.RedisConnectionException: java.util.concurrent.ExecutionException: org.redisson.client.RedisConnectionException: Unable to connect to Redis server: 127.0.0.1/127.0.0.1:6379
	at org.springframework.context.annotation.CommonAnnotationBeanPostProcessor.postProcessProperties(CommonAnnotationBeanPostProcessor.java:332)
	at org.springframework.beans.factory.support.AbstractAutowireCapableBeanFactory.populateBean(AbstractAutowireCapableBeanFactory.java:1431)
	at org.springframework.beans.factory.support.AbstractAutowireCapableBeanFactory.doCreateBean(AbstractAutowireCapableBeanFactory.java:619)
	at org.springframework.beans.factory.support.AbstractAutowireCapableBeanFactory.createBean(AbstractAutowireCapableBeanFactory.java:542)
	at org.springframework.beans.factory.support.AbstractBeanFactory.lambda$doGetBean$0(AbstractBeanFactory.java:335)
	at org.springframework.beans.factory.support.DefaultSingletonBeanRegistry.getSingleton(DefaultSingletonBeanRegistry.java:234)
	at org.springframework.beans.factory.support.AbstractBeanFactory.doGetBean(AbstractBeanFactory.java:333)
	at org.springframework.beans.factory.support.AbstractBeanFactory.getBean(AbstractBeanFactory.java:208)
	at org.springframework.beans.factory.config.DependencyDescriptor.resolveCandidate(DependencyDescriptor.java:276)
	at org.springframework.beans.factory.support.DefaultListableBeanFactory.doResolveDependency(DefaultListableBeanFactory.java:1391)
	at org.springframework.beans.factory.support.DefaultListableBeanFactory.resolveDependency(DefaultListableBeanFactory.java:1311)
	at org.springframework.beans.factory.annotation.AutowiredAnnotationBeanPostProcessor$AutowiredFieldElement.resolveFieldValue(AutowiredAnnotationBeanPostProcessor.java:657)
	... 60 common frames omitted
Caused by: org.springframework.beans.factory.BeanCreationException: Error creating bean with name 'redissonClient' defined in class path resource [com/share/config/RedisClientConfig.class]: Bean instantiation via factory method failed; nested exception is org.springframework.beans.BeanInstantiationException: Failed to instantiate [org.redisson.api.RedissonClient]: Factory method 'redissonClient' threw exception; nested exception is org.redisson.client.RedisConnectionException: java.util.concurrent.ExecutionException: org.redisson.client.RedisConnectionException: Unable to connect to Redis server: 127.0.0.1/127.0.0.1:6379
	at org.springframework.beans.factory.support.ConstructorResolver.instantiate(ConstructorResolver.java:658)
	at org.springframework.beans.factory.support.ConstructorResolver.instantiateUsingFactoryMethod(ConstructorResolver.java:638)
	at org.springframework.beans.factory.support.AbstractAutowireCapableBeanFactory.instantiateUsingFactoryMethod(AbstractAutowireCapableBeanFactory.java:1352)
	at org.springframework.beans.factory.support.AbstractAutowireCapableBeanFactory.createBeanInstance(AbstractAutowireCapableBeanFactory.java:1195)
	at org.springframework.beans.factory.support.AbstractAutowireCapableBeanFactory.doCreateBean(AbstractAutowireCapableBeanFactory.java:582)
	at org.springframework.beans.factory.support.AbstractAutowireCapableBeanFactory.createBean(AbstractAutowireCapableBeanFactory.java:542)
	at org.springframework.beans.factory.support.AbstractBeanFactory.lambda$doGetBean$0(AbstractBeanFactory.java:335)
	at org.springframework.beans.factory.support.DefaultSingletonBeanRegistry.getSingleton(DefaultSingletonBeanRegistry.java:234)
	at org.springframework.beans.factory.support.AbstractBeanFactory.doGetBean(AbstractBeanFactory.java:333)
	at org.springframework.beans.factory.support.AbstractBeanFactory.getBean(AbstractBeanFactory.java:213)
	at org.springframework.beans.factory.support.AbstractAutowireCapableBeanFactory.resolveBeanByName(AbstractAutowireCapableBeanFactory.java:479)
	at org.springframework.context.annotation.CommonAnnotationBeanPostProcessor.autowireResource(CommonAnnotationBeanPostProcessor.java:550)
	at org.springframework.context.annotation.CommonAnnotationBeanPostProcessor.getResource(CommonAnnotationBeanPostProcessor.java:520)
	at org.springframework.context.annotation.CommonAnnotationBeanPostProcessor$ResourceElement.getResourceToInject(CommonAnnotationBeanPostProcessor.java:673)
	at org.springframework.beans.factory.annotation.InjectionMetadata$InjectedElement.inject(InjectionMetadata.java:228)
	at org.springframework.beans.factory.annotation.InjectionMetadata.inject(InjectionMetadata.java:119)
	at org.springframework.context.annotation.CommonAnnotationBeanPostProcessor.postProcessProperties(CommonAnnotationBeanPostProcessor.java:329)
	... 71 common frames omitted
Caused by: org.springframework.beans.BeanInstantiationException: Failed to instantiate [org.redisson.api.RedissonClient]: Factory method 'redissonClient' threw exception; nested exception is org.redisson.client.RedisConnectionException: java.util.concurrent.ExecutionException: org.redisson.client.RedisConnectionException: Unable to connect to Redis server: 127.0.0.1/127.0.0.1:6379
	at org.springframework.beans.factory.support.SimpleInstantiationStrategy.instantiate(SimpleInstantiationStrategy.java:185)
	at org.springframework.beans.factory.support.ConstructorResolver.instantiate(ConstructorResolver.java:653)
	... 87 common frames omitted
Caused by: org.redisson.client.RedisConnectionException: java.util.concurrent.ExecutionException: org.redisson.client.RedisConnectionException: Unable to connect to Redis server: 127.0.0.1/127.0.0.1:6379
	at org.redisson.connection.MasterSlaveConnectionManager.doConnect(MasterSlaveConnectionManager.java:228)
	at org.redisson.connection.MasterSlaveConnectionManager.connect(MasterSlaveConnectionManager.java:188)
	at org.redisson.config.ConfigSupport.createConnectionManager(ConfigSupport.java:216)
	at org.redisson.Redisson.<init>(Redisson.java:70)
	at org.redisson.Redisson.create(Redisson.java:115)
	at com.share.config.RedisClientConfig.redissonClient(RedisClientConfig.java:54)
	at com.share.config.RedisClientConfig$$EnhancerBySpringCGLIB$$f81be19a.CGLIB$redissonClient$0(<generated>)
	at com.share.config.RedisClientConfig$$EnhancerBySpringCGLIB$$f81be19a$$FastClassBySpringCGLIB$$fb6f6b58.invoke(<generated>)
	at org.springframework.cglib.proxy.MethodProxy.invokeSuper(MethodProxy.java:244)
	at org.springframework.context.annotation.ConfigurationClassEnhancer$BeanMethodInterceptor.intercept(ConfigurationClassEnhancer.java:331)
	at com.share.config.RedisClientConfig$$EnhancerBySpringCGLIB$$f81be19a.redissonClient(<generated>)
	at java.base/jdk.internal.reflect.DirectMethodHandleAccessor.invoke(DirectMethodHandleAccessor.java:103)
	at java.base/java.lang.reflect.Method.invoke(Method.java:580)
	at org.springframework.beans.factory.support.SimpleInstantiationStrategy.instantiate(SimpleInstantiationStrategy.java:154)
	... 88 common frames omitted
Caused by: java.util.concurrent.ExecutionException: org.redisson.client.RedisConnectionException: Unable to connect to Redis server: 127.0.0.1/127.0.0.1:6379
	at java.base/java.util.concurrent.CompletableFuture.reportGet(CompletableFuture.java:396)
	at java.base/java.util.concurrent.CompletableFuture.get(CompletableFuture.java:2096)
	at org.redisson.connection.MasterSlaveConnectionManager.doConnect(MasterSlaveConnectionManager.java:223)
	... 101 common frames omitted
Caused by: org.redisson.client.RedisConnectionException: Unable to connect to Redis server: 127.0.0.1/127.0.0.1:6379
	at org.redisson.connection.ConnectionsHolder.lambda$createConnection$2(ConnectionsHolder.java:165)
	at java.base/java.util.concurrent.CompletableFuture.uniHandle(CompletableFuture.java:934)
	at java.base/java.util.concurrent.CompletableFuture$UniHandle.tryFire(CompletableFuture.java:911)
	at java.base/java.util.concurrent.CompletableFuture.postComplete(CompletableFuture.java:510)
	at java.base/java.util.concurrent.CompletableFuture.completeExceptionally(CompletableFuture.java:2194)
	at org.redisson.connection.ConnectionsHolder.lambda$createConnection$5(ConnectionsHolder.java:179)
	at java.base/java.util.concurrent.CompletableFuture.uniWhenComplete(CompletableFuture.java:863)
	at java.base/java.util.concurrent.CompletableFuture$UniWhenComplete.tryFire(CompletableFuture.java:841)
	at java.base/java.util.concurrent.CompletableFuture.postComplete(CompletableFuture.java:510)
	at java.base/java.util.concurrent.CompletableFuture.completeExceptionally(CompletableFuture.java:2194)
	at org.redisson.client.RedisClient$1$2.run(RedisClient.java:304)
	at io.netty.util.concurrent.AbstractEventExecutor.runTask$$$capture(AbstractEventExecutor.java:174)
	at io.netty.util.concurrent.AbstractEventExecutor.runTask(AbstractEventExecutor.java)
	at io.netty.util.concurrent.AbstractEventExecutor.safeExecute$$$capture(AbstractEventExecutor.java:167)
	at io.netty.util.concurrent.AbstractEventExecutor.safeExecute(AbstractEventExecutor.java)
	at io.netty.util.concurrent.SingleThreadEventExecutor.runAllTasks(SingleThreadEventExecutor.java:470)
	at io.netty.channel.nio.NioEventLoop.run(NioEventLoop.java:569)
	at io.netty.util.concurrent.SingleThreadEventExecutor$4.run(SingleThreadEventExecutor.java:997)
	at io.netty.util.internal.ThreadExecutorMap$2.run(ThreadExecutorMap.java:74)
	at io.netty.util.concurrent.FastThreadLocalRunnable.run(FastThreadLocalRunnable.java:30)
	at java.base/java.lang.Thread.run(Thread.java:1583)
Caused by: java.util.concurrent.CompletionException: io.netty.channel.AbstractChannel$AnnotatedConnectException: Connection refused: getsockopt: 127.0.0.1/127.0.0.1:6379
	at java.base/java.util.concurrent.CompletableFuture.encodeRelay(CompletableFuture.java:368)
	at java.base/java.util.concurrent.CompletableFuture.completeRelay(CompletableFuture.java:377)
	at java.base/java.util.concurrent.CompletableFuture$UniRelay.tryFire(CompletableFuture.java:1097)
	... 13 common frames omitted
Caused by: io.netty.channel.AbstractChannel$AnnotatedConnectException: Connection refused: getsockopt: 127.0.0.1/127.0.0.1:6379
Caused by: java.net.ConnectException: Connection refused: getsockopt
	at java.base/sun.nio.ch.Net.pollConnect(Native Method)
	at java.base/sun.nio.ch.Net.pollConnectNow(Net.java:682)
	at java.base/sun.nio.ch.SocketChannelImpl.finishConnect(SocketChannelImpl.java:973)
	at io.netty.channel.socket.nio.NioSocketChannel.doFinishConnect(NioSocketChannel.java:337)
	at io.netty.channel.nio.AbstractNioChannel$AbstractNioUnsafe.finishConnect(AbstractNioChannel.java:334)
	at io.netty.channel.nio.NioEventLoop.processSelectedKey(NioEventLoop.java:776)
	at io.netty.channel.nio.NioEventLoop.processSelectedKeysOptimized(NioEventLoop.java:724)
	at io.netty.channel.nio.NioEventLoop.processSelectedKeys(NioEventLoop.java:650)
	at io.netty.channel.nio.NioEventLoop.run(NioEventLoop.java:562)
	at io.netty.util.concurrent.SingleThreadEventExecutor$4.run(SingleThreadEventExecutor.java:997)
	at io.netty.util.internal.ThreadExecutorMap$2.run(ThreadExecutorMap.java:74)
	at io.netty.util.concurrent.FastThreadLocalRunnable.run(FastThreadLocalRunnable.java:30)
	at java.base/java.lang.Thread.run(Thread.java:1583)
25-03-24.14:35:20.115 [main            ] ERROR TestContextManager     - Caught exception while allowing TestExecutionListener [org.springframework.test.context.web.ServletTestExecutionListener@77128536] to prepare test instance [com.share.test.domain.RaffleStrategyTest@23df7fad]
java.lang.IllegalStateException: Failed to load ApplicationContext
	at org.springframework.test.context.cache.DefaultCacheAwareContextLoaderDelegate.loadContext(DefaultCacheAwareContextLoaderDelegate.java:98)
	at org.springframework.test.context.support.DefaultTestContext.getApplicationContext(DefaultTestContext.java:124)
	at org.springframework.test.context.web.ServletTestExecutionListener.setUpRequestContextIfNecessary(ServletTestExecutionListener.java:190)
	at org.springframework.test.context.web.ServletTestExecutionListener.prepareTestInstance(ServletTestExecutionListener.java:132)
	at org.springframework.test.context.TestContextManager.prepareTestInstance(TestContextManager.java:248)
	at org.springframework.test.context.junit4.SpringJUnit4ClassRunner.createTest(SpringJUnit4ClassRunner.java:227)
	at org.springframework.test.context.junit4.SpringJUnit4ClassRunner$1.runReflectiveCall(SpringJUnit4ClassRunner.java:289)
	at org.junit.internal.runners.model.ReflectiveCallable.run(ReflectiveCallable.java:12)
	at org.springframework.test.context.junit4.SpringJUnit4ClassRunner.methodBlock(SpringJUnit4ClassRunner.java:291)
	at org.springframework.test.context.junit4.SpringJUnit4ClassRunner.runChild(SpringJUnit4ClassRunner.java:246)
	at org.springframework.test.context.junit4.SpringJUnit4ClassRunner.runChild(SpringJUnit4ClassRunner.java:97)
	at org.junit.runners.ParentRunner$4.run(ParentRunner.java:331)
	at org.junit.runners.ParentRunner$1.schedule(ParentRunner.java:79)
	at org.junit.runners.ParentRunner.runChildren(ParentRunner.java:329)
	at org.junit.runners.ParentRunner.access$100(ParentRunner.java:66)
	at org.junit.runners.ParentRunner$2.evaluate(ParentRunner.java:293)
	at org.springframework.test.context.junit4.statements.RunBeforeTestClassCallbacks.evaluate(RunBeforeTestClassCallbacks.java:61)
	at org.springframework.test.context.junit4.statements.RunAfterTestClassCallbacks.evaluate(RunAfterTestClassCallbacks.java:70)
	at org.junit.runners.ParentRunner$3.evaluate(ParentRunner.java:306)
	at org.junit.runners.ParentRunner.run(ParentRunner.java:413)
	at org.springframework.test.context.junit4.SpringJUnit4ClassRunner.run(SpringJUnit4ClassRunner.java:190)
	at org.junit.runner.JUnitCore.run(JUnitCore.java:137)
	at com.intellij.junit4.JUnit4IdeaTestRunner.startRunnerWithArgs(JUnit4IdeaTestRunner.java:69)
	at com.intellij.rt.junit.IdeaTestRunner$Repeater$1.execute(IdeaTestRunner.java:38)
	at com.intellij.rt.execution.junit.TestsRepeater.repeat(TestsRepeater.java:11)
	at com.intellij.rt.junit.IdeaTestRunner$Repeater.startRunnerWithArgs(IdeaTestRunner.java:35)
	at com.intellij.rt.junit.JUnitStarter.prepareStreamsAndStart(JUnitStarter.java:232)
	at com.intellij.rt.junit.JUnitStarter.main(JUnitStarter.java:55)
Caused by: org.springframework.beans.factory.UnsatisfiedDependencyException: Error creating bean with name 'defaultRaffleStrategy' defined in file [G:\prog\java\big-market\big-market-domain\target\classes\com\share\domain\strategy\service\Raffle\DefaultRaffleStrategy.class]: Unsatisfied dependency expressed through constructor parameter 0; nested exception is org.springframework.beans.factory.UnsatisfiedDependencyException: Error creating bean with name 'strategyRepository': Unsatisfied dependency expressed through field 'redisService'; nested exception is org.springframework.beans.factory.BeanCreationException: Error creating bean with name 'redissonService': Injection of resource dependencies failed; nested exception is org.springframework.beans.factory.BeanCreationException: Error creating bean with name 'redissonClient' defined in class path resource [com/share/config/RedisClientConfig.class]: Bean instantiation via factory method failed; nested exception is org.springframework.beans.BeanInstantiationException: Failed to instantiate [org.redisson.api.RedissonClient]: Factory method 'redissonClient' threw exception; nested exception is org.redisson.client.RedisConnectionException: java.util.concurrent.ExecutionException: org.redisson.client.RedisConnectionException: Unable to connect to Redis server: 127.0.0.1/127.0.0.1:6379
	at org.springframework.beans.factory.support.ConstructorResolver.createArgumentArray(ConstructorResolver.java:800)
	at org.springframework.beans.factory.support.ConstructorResolver.autowireConstructor(ConstructorResolver.java:229)
	at org.springframework.beans.factory.support.AbstractAutowireCapableBeanFactory.autowireConstructor(AbstractAutowireCapableBeanFactory.java:1372)
	at org.springframework.beans.factory.support.AbstractAutowireCapableBeanFactory.createBeanInstance(AbstractAutowireCapableBeanFactory.java:1222)
	at org.springframework.beans.factory.support.AbstractAutowireCapableBeanFactory.doCreateBean(AbstractAutowireCapableBeanFactory.java:582)
	at org.springframework.beans.factory.support.AbstractAutowireCapableBeanFactory.createBean(AbstractAutowireCapableBeanFactory.java:542)
	at org.springframework.beans.factory.support.AbstractBeanFactory.lambda$doGetBean$0(AbstractBeanFactory.java:335)
	at org.springframework.beans.factory.support.DefaultSingletonBeanRegistry.getSingleton(DefaultSingletonBeanRegistry.java:234)
	at org.springframework.beans.factory.support.AbstractBeanFactory.doGetBean(AbstractBeanFactory.java:333)
	at org.springframework.beans.factory.support.AbstractBeanFactory.getBean(AbstractBeanFactory.java:208)
	at org.springframework.beans.factory.support.DefaultListableBeanFactory.preInstantiateSingletons(DefaultListableBeanFactory.java:955)
	at org.springframework.context.support.AbstractApplicationContext.finishBeanFactoryInitialization(AbstractApplicationContext.java:920)
	at org.springframework.context.support.AbstractApplicationContext.refresh(AbstractApplicationContext.java:583)
	at org.springframework.boot.SpringApplication.refresh(SpringApplication.java:731)
	at org.springframework.boot.SpringApplication.refreshContext(SpringApplication.java:408)
	at org.springframework.boot.SpringApplication.run(SpringApplication.java:307)
	at org.springframework.boot.test.context.SpringBootContextLoader.loadContext(SpringBootContextLoader.java:136)
	at org.springframework.test.context.cache.DefaultCacheAwareContextLoaderDelegate.loadContextInternal(DefaultCacheAwareContextLoaderDelegate.java:141)
	at org.springframework.test.context.cache.DefaultCacheAwareContextLoaderDelegate.loadContext(DefaultCacheAwareContextLoaderDelegate.java:90)
	... 27 common frames omitted
Caused by: org.springframework.beans.factory.UnsatisfiedDependencyException: Error creating bean with name 'strategyRepository': Unsatisfied dependency expressed through field 'redisService'; nested exception is org.springframework.beans.factory.BeanCreationException: Error creating bean with name 'redissonService': Injection of resource dependencies failed; nested exception is org.springframework.beans.factory.BeanCreationException: Error creating bean with name 'redissonClient' defined in class path resource [com/share/config/RedisClientConfig.class]: Bean instantiation via factory method failed; nested exception is org.springframework.beans.BeanInstantiationException: Failed to instantiate [org.redisson.api.RedissonClient]: Factory method 'redissonClient' threw exception; nested exception is org.redisson.client.RedisConnectionException: java.util.concurrent.ExecutionException: org.redisson.client.RedisConnectionException: Unable to connect to Redis server: 127.0.0.1/127.0.0.1:6379
	at org.springframework.beans.factory.annotation.AutowiredAnnotationBeanPostProcessor$AutowiredFieldElement.resolveFieldValue(AutowiredAnnotationBeanPostProcessor.java:660)
	at org.springframework.beans.factory.annotation.AutowiredAnnotationBeanPostProcessor$AutowiredFieldElement.inject(AutowiredAnnotationBeanPostProcessor.java:640)
	at org.springframework.beans.factory.annotation.InjectionMetadata.inject(InjectionMetadata.java:119)
	at org.springframework.beans.factory.annotation.AutowiredAnnotationBeanPostProcessor.postProcessProperties(AutowiredAnnotationBeanPostProcessor.java:399)
	at org.springframework.beans.factory.support.AbstractAutowireCapableBeanFactory.populateBean(AbstractAutowireCapableBeanFactory.java:1431)
	at org.springframework.beans.factory.support.AbstractAutowireCapableBeanFactory.doCreateBean(AbstractAutowireCapableBeanFactory.java:619)
	at org.springframework.beans.factory.support.AbstractAutowireCapableBeanFactory.createBean(AbstractAutowireCapableBeanFactory.java:542)
	at org.springframework.beans.factory.support.AbstractBeanFactory.lambda$doGetBean$0(AbstractBeanFactory.java:335)
	at org.springframework.beans.factory.support.DefaultSingletonBeanRegistry.getSingleton(DefaultSingletonBeanRegistry.java:234)
	at org.springframework.beans.factory.support.AbstractBeanFactory.doGetBean(AbstractBeanFactory.java:333)
	at org.springframework.beans.factory.support.AbstractBeanFactory.getBean(AbstractBeanFactory.java:208)
	at org.springframework.beans.factory.config.DependencyDescriptor.resolveCandidate(DependencyDescriptor.java:276)
	at org.springframework.beans.factory.support.DefaultListableBeanFactory.doResolveDependency(DefaultListableBeanFactory.java:1391)
	at org.springframework.beans.factory.support.DefaultListableBeanFactory.resolveDependency(DefaultListableBeanFactory.java:1311)
	at org.springframework.beans.factory.support.ConstructorResolver.resolveAutowiredArgument(ConstructorResolver.java:887)
	at org.springframework.beans.factory.support.ConstructorResolver.createArgumentArray(ConstructorResolver.java:791)
	... 45 common frames omitted
Caused by: org.springframework.beans.factory.BeanCreationException: Error creating bean with name 'redissonService': Injection of resource dependencies failed; nested exception is org.springframework.beans.factory.BeanCreationException: Error creating bean with name 'redissonClient' defined in class path resource [com/share/config/RedisClientConfig.class]: Bean instantiation via factory method failed; nested exception is org.springframework.beans.BeanInstantiationException: Failed to instantiate [org.redisson.api.RedissonClient]: Factory method 'redissonClient' threw exception; nested exception is org.redisson.client.RedisConnectionException: java.util.concurrent.ExecutionException: org.redisson.client.RedisConnectionException: Unable to connect to Redis server: 127.0.0.1/127.0.0.1:6379
	at org.springframework.context.annotation.CommonAnnotationBeanPostProcessor.postProcessProperties(CommonAnnotationBeanPostProcessor.java:332)
	at org.springframework.beans.factory.support.AbstractAutowireCapableBeanFactory.populateBean(AbstractAutowireCapableBeanFactory.java:1431)
	at org.springframework.beans.factory.support.AbstractAutowireCapableBeanFactory.doCreateBean(AbstractAutowireCapableBeanFactory.java:619)
	at org.springframework.beans.factory.support.AbstractAutowireCapableBeanFactory.createBean(AbstractAutowireCapableBeanFactory.java:542)
	at org.springframework.beans.factory.support.AbstractBeanFactory.lambda$doGetBean$0(AbstractBeanFactory.java:335)
	at org.springframework.beans.factory.support.DefaultSingletonBeanRegistry.getSingleton(DefaultSingletonBeanRegistry.java:234)
	at org.springframework.beans.factory.support.AbstractBeanFactory.doGetBean(AbstractBeanFactory.java:333)
	at org.springframework.beans.factory.support.AbstractBeanFactory.getBean(AbstractBeanFactory.java:208)
	at org.springframework.beans.factory.config.DependencyDescriptor.resolveCandidate(DependencyDescriptor.java:276)
	at org.springframework.beans.factory.support.DefaultListableBeanFactory.doResolveDependency(DefaultListableBeanFactory.java:1391)
	at org.springframework.beans.factory.support.DefaultListableBeanFactory.resolveDependency(DefaultListableBeanFactory.java:1311)
	at org.springframework.beans.factory.annotation.AutowiredAnnotationBeanPostProcessor$AutowiredFieldElement.resolveFieldValue(AutowiredAnnotationBeanPostProcessor.java:657)
	... 60 common frames omitted
Caused by: org.springframework.beans.factory.BeanCreationException: Error creating bean with name 'redissonClient' defined in class path resource [com/share/config/RedisClientConfig.class]: Bean instantiation via factory method failed; nested exception is org.springframework.beans.BeanInstantiationException: Failed to instantiate [org.redisson.api.RedissonClient]: Factory method 'redissonClient' threw exception; nested exception is org.redisson.client.RedisConnectionException: java.util.concurrent.ExecutionException: org.redisson.client.RedisConnectionException: Unable to connect to Redis server: 127.0.0.1/127.0.0.1:6379
	at org.springframework.beans.factory.support.ConstructorResolver.instantiate(ConstructorResolver.java:658)
	at org.springframework.beans.factory.support.ConstructorResolver.instantiateUsingFactoryMethod(ConstructorResolver.java:638)
	at org.springframework.beans.factory.support.AbstractAutowireCapableBeanFactory.instantiateUsingFactoryMethod(AbstractAutowireCapableBeanFactory.java:1352)
	at org.springframework.beans.factory.support.AbstractAutowireCapableBeanFactory.createBeanInstance(AbstractAutowireCapableBeanFactory.java:1195)
	at org.springframework.beans.factory.support.AbstractAutowireCapableBeanFactory.doCreateBean(AbstractAutowireCapableBeanFactory.java:582)
	at org.springframework.beans.factory.support.AbstractAutowireCapableBeanFactory.createBean(AbstractAutowireCapableBeanFactory.java:542)
	at org.springframework.beans.factory.support.AbstractBeanFactory.lambda$doGetBean$0(AbstractBeanFactory.java:335)
	at org.springframework.beans.factory.support.DefaultSingletonBeanRegistry.getSingleton(DefaultSingletonBeanRegistry.java:234)
	at org.springframework.beans.factory.support.AbstractBeanFactory.doGetBean(AbstractBeanFactory.java:333)
	at org.springframework.beans.factory.support.AbstractBeanFactory.getBean(AbstractBeanFactory.java:213)
	at org.springframework.beans.factory.support.AbstractAutowireCapableBeanFactory.resolveBeanByName(AbstractAutowireCapableBeanFactory.java:479)
	at org.springframework.context.annotation.CommonAnnotationBeanPostProcessor.autowireResource(CommonAnnotationBeanPostProcessor.java:550)
	at org.springframework.context.annotation.CommonAnnotationBeanPostProcessor.getResource(CommonAnnotationBeanPostProcessor.java:520)
	at org.springframework.context.annotation.CommonAnnotationBeanPostProcessor$ResourceElement.getResourceToInject(CommonAnnotationBeanPostProcessor.java:673)
	at org.springframework.beans.factory.annotation.InjectionMetadata$InjectedElement.inject(InjectionMetadata.java:228)
	at org.springframework.beans.factory.annotation.InjectionMetadata.inject(InjectionMetadata.java:119)
	at org.springframework.context.annotation.CommonAnnotationBeanPostProcessor.postProcessProperties(CommonAnnotationBeanPostProcessor.java:329)
	... 71 common frames omitted
Caused by: org.springframework.beans.BeanInstantiationException: Failed to instantiate [org.redisson.api.RedissonClient]: Factory method 'redissonClient' threw exception; nested exception is org.redisson.client.RedisConnectionException: java.util.concurrent.ExecutionException: org.redisson.client.RedisConnectionException: Unable to connect to Redis server: 127.0.0.1/127.0.0.1:6379
	at org.springframework.beans.factory.support.SimpleInstantiationStrategy.instantiate(SimpleInstantiationStrategy.java:185)
	at org.springframework.beans.factory.support.ConstructorResolver.instantiate(ConstructorResolver.java:653)
	... 87 common frames omitted
Caused by: org.redisson.client.RedisConnectionException: java.util.concurrent.ExecutionException: org.redisson.client.RedisConnectionException: Unable to connect to Redis server: 127.0.0.1/127.0.0.1:6379
	at org.redisson.connection.MasterSlaveConnectionManager.doConnect(MasterSlaveConnectionManager.java:228)
	at org.redisson.connection.MasterSlaveConnectionManager.connect(MasterSlaveConnectionManager.java:188)
	at org.redisson.config.ConfigSupport.createConnectionManager(ConfigSupport.java:216)
	at org.redisson.Redisson.<init>(Redisson.java:70)
	at org.redisson.Redisson.create(Redisson.java:115)
	at com.share.config.RedisClientConfig.redissonClient(RedisClientConfig.java:54)
	at com.share.config.RedisClientConfig$$EnhancerBySpringCGLIB$$f81be19a.CGLIB$redissonClient$0(<generated>)
	at com.share.config.RedisClientConfig$$EnhancerBySpringCGLIB$$f81be19a$$FastClassBySpringCGLIB$$fb6f6b58.invoke(<generated>)
	at org.springframework.cglib.proxy.MethodProxy.invokeSuper(MethodProxy.java:244)
	at org.springframework.context.annotation.ConfigurationClassEnhancer$BeanMethodInterceptor.intercept(ConfigurationClassEnhancer.java:331)
	at com.share.config.RedisClientConfig$$EnhancerBySpringCGLIB$$f81be19a.redissonClient(<generated>)
	at java.base/jdk.internal.reflect.DirectMethodHandleAccessor.invoke(DirectMethodHandleAccessor.java:103)
	at java.base/java.lang.reflect.Method.invoke(Method.java:580)
	at org.springframework.beans.factory.support.SimpleInstantiationStrategy.instantiate(SimpleInstantiationStrategy.java:154)
	... 88 common frames omitted
Caused by: java.util.concurrent.ExecutionException: org.redisson.client.RedisConnectionException: Unable to connect to Redis server: 127.0.0.1/127.0.0.1:6379
	at java.base/java.util.concurrent.CompletableFuture.reportGet(CompletableFuture.java:396)
	at java.base/java.util.concurrent.CompletableFuture.get(CompletableFuture.java:2096)
	at org.redisson.connection.MasterSlaveConnectionManager.doConnect(MasterSlaveConnectionManager.java:223)
	... 101 common frames omitted
Caused by: org.redisson.client.RedisConnectionException: Unable to connect to Redis server: 127.0.0.1/127.0.0.1:6379
	at org.redisson.connection.ConnectionsHolder.lambda$createConnection$2(ConnectionsHolder.java:165)
	at java.base/java.util.concurrent.CompletableFuture.uniHandle(CompletableFuture.java:934)
	at java.base/java.util.concurrent.CompletableFuture$UniHandle.tryFire(CompletableFuture.java:911)
	at java.base/java.util.concurrent.CompletableFuture.postComplete(CompletableFuture.java:510)
	at java.base/java.util.concurrent.CompletableFuture.completeExceptionally(CompletableFuture.java:2194)
	at org.redisson.connection.ConnectionsHolder.lambda$createConnection$5(ConnectionsHolder.java:179)
	at java.base/java.util.concurrent.CompletableFuture.uniWhenComplete(CompletableFuture.java:863)
	at java.base/java.util.concurrent.CompletableFuture$UniWhenComplete.tryFire(CompletableFuture.java:841)
	at java.base/java.util.concurrent.CompletableFuture.postComplete(CompletableFuture.java:510)
	at java.base/java.util.concurrent.CompletableFuture.completeExceptionally(CompletableFuture.java:2194)
	at org.redisson.client.RedisClient$1$2.run(RedisClient.java:304)
	at io.netty.util.concurrent.AbstractEventExecutor.runTask$$$capture(AbstractEventExecutor.java:174)
	at io.netty.util.concurrent.AbstractEventExecutor.runTask(AbstractEventExecutor.java)
	at io.netty.util.concurrent.AbstractEventExecutor.safeExecute$$$capture(AbstractEventExecutor.java:167)
	at io.netty.util.concurrent.AbstractEventExecutor.safeExecute(AbstractEventExecutor.java)
	at io.netty.util.concurrent.SingleThreadEventExecutor.runAllTasks(SingleThreadEventExecutor.java:470)
	at io.netty.channel.nio.NioEventLoop.run(NioEventLoop.java:569)
	at io.netty.util.concurrent.SingleThreadEventExecutor$4.run(SingleThreadEventExecutor.java:997)
	at io.netty.util.internal.ThreadExecutorMap$2.run(ThreadExecutorMap.java:74)
	at io.netty.util.concurrent.FastThreadLocalRunnable.run(FastThreadLocalRunnable.java:30)
	at java.base/java.lang.Thread.run(Thread.java:1583)
Caused by: java.util.concurrent.CompletionException: io.netty.channel.AbstractChannel$AnnotatedConnectException: Connection refused: getsockopt: 127.0.0.1/127.0.0.1:6379
	at java.base/java.util.concurrent.CompletableFuture.encodeRelay(CompletableFuture.java:368)
	at java.base/java.util.concurrent.CompletableFuture.completeRelay(CompletableFuture.java:377)
	at java.base/java.util.concurrent.CompletableFuture$UniRelay.tryFire(CompletableFuture.java:1097)
	... 13 common frames omitted
Caused by: io.netty.channel.AbstractChannel$AnnotatedConnectException: Connection refused: getsockopt: 127.0.0.1/127.0.0.1:6379
Caused by: java.net.ConnectException: Connection refused: getsockopt
	at java.base/sun.nio.ch.Net.pollConnect(Native Method)
	at java.base/sun.nio.ch.Net.pollConnectNow(Net.java:682)
	at java.base/sun.nio.ch.SocketChannelImpl.finishConnect(SocketChannelImpl.java:973)
	at io.netty.channel.socket.nio.NioSocketChannel.doFinishConnect(NioSocketChannel.java:337)
	at io.netty.channel.nio.AbstractNioChannel$AbstractNioUnsafe.finishConnect(AbstractNioChannel.java:334)
	at io.netty.channel.nio.NioEventLoop.processSelectedKey(NioEventLoop.java:776)
	at io.netty.channel.nio.NioEventLoop.processSelectedKeysOptimized(NioEventLoop.java:724)
	at io.netty.channel.nio.NioEventLoop.processSelectedKeys(NioEventLoop.java:650)
	at io.netty.channel.nio.NioEventLoop.run(NioEventLoop.java:562)
	at io.netty.util.concurrent.SingleThreadEventExecutor$4.run(SingleThreadEventExecutor.java:997)
	at io.netty.util.internal.ThreadExecutorMap$2.run(ThreadExecutorMap.java:74)
	at io.netty.util.concurrent.FastThreadLocalRunnable.run(FastThreadLocalRunnable.java:30)
	at java.base/java.lang.Thread.run(Thread.java:1583)
25-03-24.14:36:02.949 [main            ] INFO  RaffleStrategyTest     - Starting RaffleStrategyTest using Java 21.0.4 on DESKTOP-DJN13UV with PID 14248 (started by MUZ in G:\prog\java\big-market\big-market-app)
25-03-24.14:36:02.950 [main            ] INFO  RaffleStrategyTest     - The following 1 profile is active: "dev"
25-03-24.14:36:03.639 [main            ] INFO  RepositoryConfigurationDelegate - Multiple Spring Data modules found, entering strict repository configuration mode
25-03-24.14:36:03.641 [main            ] INFO  RepositoryConfigurationDelegate - Bootstrapping Spring Data Redis repositories in DEFAULT mode.
25-03-24.14:36:03.674 [main            ] INFO  RepositoryConfigurationDelegate - Finished Spring Data repository scanning in 13 ms. Found 0 Redis repository interfaces.
25-03-24.14:36:04.762 [main            ] INFO  Version                - Redisson 3.32.0
25-03-24.14:36:04.935 [main            ] WARN  SequentialDnsAddressResolverFactory - DNS TCP fallback on UDP query timeout disabled. Upgrade Netty to 4.1.105 or higher.
25-03-24.14:36:06.086 [redisson-netty-1-8] INFO  ConnectionsHolder      - 1 connections initialized for 127.0.0.1/127.0.0.1:6379
25-03-24.14:36:06.102 [redisson-netty-1-17] INFO  ConnectionsHolder      - 5 connections initialized for 127.0.0.1/127.0.0.1:6379
25-03-24.14:36:07.992 [main            ] INFO  EndpointLinksResolver  - Exposing 1 endpoint(s) beneath base path '/actuator'
25-03-24.14:36:08.041 [main            ] INFO  RaffleStrategyTest     - Started RaffleStrategyTest in 5.456 seconds (JVM running for 6.133)
25-03-24.14:36:08.340 [main            ] INFO  HikariDataSource       - HikariPool-1 - Starting...
25-03-24.14:36:08.661 [main            ] INFO  HikariDataSource       - HikariPool-1 - Start completed.
25-03-24.14:36:11.019 [SpringApplicationShutdownHook] INFO  HikariDataSource       - HikariPool-1 - Shutdown initiated...
25-03-24.14:36:11.030 [SpringApplicationShutdownHook] INFO  HikariDataSource       - HikariPool-1 - Shutdown completed.
25-03-24.14:36:13.019 [main            ] INFO  RaffleStrategyTest     - Starting RaffleStrategyTest using Java 21.0.4 on DESKTOP-DJN13UV with PID 27208 (started by MUZ in G:\prog\java\big-market\big-market-app)
25-03-24.14:36:13.020 [main            ] INFO  RaffleStrategyTest     - The following 1 profile is active: "dev"
25-03-24.14:36:13.692 [main            ] INFO  RepositoryConfigurationDelegate - Multiple Spring Data modules found, entering strict repository configuration mode
25-03-24.14:36:13.694 [main            ] INFO  RepositoryConfigurationDelegate - Bootstrapping Spring Data Redis repositories in DEFAULT mode.
25-03-24.14:36:13.716 [main            ] INFO  RepositoryConfigurationDelegate - Finished Spring Data repository scanning in 9 ms. Found 0 Redis repository interfaces.
25-03-24.14:36:14.733 [main            ] INFO  Version                - Redisson 3.32.0
25-03-24.14:36:14.894 [main            ] WARN  SequentialDnsAddressResolverFactory - DNS TCP fallback on UDP query timeout disabled. Upgrade Netty to 4.1.105 or higher.
25-03-24.14:36:15.011 [redisson-netty-1-4] INFO  ConnectionsHolder      - 1 connections initialized for 127.0.0.1/127.0.0.1:6379
25-03-24.14:36:15.025 [redisson-netty-1-13] INFO  ConnectionsHolder      - 5 connections initialized for 127.0.0.1/127.0.0.1:6379
25-03-24.14:36:16.579 [main            ] INFO  EndpointLinksResolver  - Exposing 1 endpoint(s) beneath base path '/actuator'
25-03-24.14:36:16.628 [main            ] INFO  RaffleStrategyTest     - Started RaffleStrategyTest in 3.935 seconds (JVM running for 4.592)
25-03-24.14:36:17.014 [main            ] INFO  HikariDataSource       - HikariPool-1 - Starting...
25-03-24.14:36:17.293 [main            ] INFO  HikariDataSource       - HikariPool-1 - Start completed.
25-03-24.14:36:19.469 [SpringApplicationShutdownHook] INFO  HikariDataSource       - HikariPool-1 - Shutdown initiated...
25-03-24.14:36:19.480 [SpringApplicationShutdownHook] INFO  HikariDataSource       - HikariPool-1 - Shutdown completed.
25-03-24.14:37:34.417 [main            ] INFO  RaffleStrategyTest     - Starting RaffleStrategyTest using Java 21.0.4 on DESKTOP-DJN13UV with PID 21792 (started by MUZ in G:\prog\java\big-market\big-market-app)
25-03-24.14:37:34.418 [main            ] INFO  RaffleStrategyTest     - The following 1 profile is active: "dev"
25-03-24.14:37:35.090 [main            ] INFO  RepositoryConfigurationDelegate - Multiple Spring Data modules found, entering strict repository configuration mode
25-03-24.14:37:35.092 [main            ] INFO  RepositoryConfigurationDelegate - Bootstrapping Spring Data Redis repositories in DEFAULT mode.
25-03-24.14:37:35.119 [main            ] INFO  RepositoryConfigurationDelegate - Finished Spring Data repository scanning in 10 ms. Found 0 Redis repository interfaces.
25-03-24.14:37:36.176 [main            ] INFO  Version                - Redisson 3.32.0
25-03-24.14:37:36.326 [main            ] WARN  SequentialDnsAddressResolverFactory - DNS TCP fallback on UDP query timeout disabled. Upgrade Netty to 4.1.105 or higher.
25-03-24.14:37:36.441 [redisson-netty-1-5] INFO  ConnectionsHolder      - 1 connections initialized for 127.0.0.1/127.0.0.1:6379
25-03-24.14:37:36.454 [redisson-netty-1-13] INFO  ConnectionsHolder      - 5 connections initialized for 127.0.0.1/127.0.0.1:6379
25-03-24.14:37:38.138 [main            ] INFO  EndpointLinksResolver  - Exposing 1 endpoint(s) beneath base path '/actuator'
25-03-24.14:37:38.199 [main            ] INFO  RaffleStrategyTest     - Started RaffleStrategyTest in 4.104 seconds (JVM running for 4.83)
25-03-24.14:37:38.646 [main            ] INFO  HikariDataSource       - HikariPool-1 - Starting...
25-03-24.14:37:38.886 [main            ] INFO  HikariDataSource       - HikariPool-1 - Start completed.
25-03-24.14:37:41.044 [SpringApplicationShutdownHook] INFO  HikariDataSource       - HikariPool-1 - Shutdown initiated...
25-03-24.14:37:41.058 [SpringApplicationShutdownHook] INFO  HikariDataSource       - HikariPool-1 - Shutdown completed.
25-03-24.14:38:39.369 [main            ] INFO  RaffleStrategyTest     - Starting RaffleStrategyTest using Java 21.0.4 on DESKTOP-DJN13UV with PID 3848 (started by MUZ in G:\prog\java\big-market\big-market-app)
25-03-24.14:38:39.370 [main            ] INFO  RaffleStrategyTest     - The following 1 profile is active: "dev"
25-03-24.14:38:40.032 [main            ] INFO  RepositoryConfigurationDelegate - Multiple Spring Data modules found, entering strict repository configuration mode
25-03-24.14:38:40.034 [main            ] INFO  RepositoryConfigurationDelegate - Bootstrapping Spring Data Redis repositories in DEFAULT mode.
25-03-24.14:38:40.061 [main            ] INFO  RepositoryConfigurationDelegate - Finished Spring Data repository scanning in 9 ms. Found 0 Redis repository interfaces.
25-03-24.14:38:41.076 [main            ] INFO  Version                - Redisson 3.32.0
25-03-24.14:38:41.274 [main            ] WARN  SequentialDnsAddressResolverFactory - DNS TCP fallback on UDP query timeout disabled. Upgrade Netty to 4.1.105 or higher.
25-03-24.14:38:41.410 [redisson-netty-1-4] INFO  ConnectionsHolder      - 1 connections initialized for 127.0.0.1/127.0.0.1:6379
25-03-24.14:38:41.425 [redisson-netty-1-13] INFO  ConnectionsHolder      - 5 connections initialized for 127.0.0.1/127.0.0.1:6379
25-03-24.14:38:43.040 [main            ] INFO  EndpointLinksResolver  - Exposing 1 endpoint(s) beneath base path '/actuator'
25-03-24.14:38:43.091 [main            ] INFO  RaffleStrategyTest     - Started RaffleStrategyTest in 4.056 seconds (JVM running for 4.725)
25-03-24.14:38:43.462 [main            ] INFO  HikariDataSource       - HikariPool-1 - Starting...
25-03-24.14:38:43.747 [main            ] INFO  HikariDataSource       - HikariPool-1 - Start completed.
25-03-24.14:38:45.917 [SpringApplicationShutdownHook] INFO  HikariDataSource       - HikariPool-1 - Shutdown initiated...
25-03-24.14:38:45.928 [SpringApplicationShutdownHook] INFO  HikariDataSource       - HikariPool-1 - Shutdown completed.
25-03-24.14:39:03.082 [main            ] INFO  RaffleStrategyTest     - Starting RaffleStrategyTest using Java 21.0.4 on DESKTOP-DJN13UV with PID 27088 (started by MUZ in G:\prog\java\big-market\big-market-app)
25-03-24.14:39:03.082 [main            ] INFO  RaffleStrategyTest     - The following 1 profile is active: "dev"
25-03-24.14:39:03.730 [main            ] INFO  RepositoryConfigurationDelegate - Multiple Spring Data modules found, entering strict repository configuration mode
25-03-24.14:39:03.733 [main            ] INFO  RepositoryConfigurationDelegate - Bootstrapping Spring Data Redis repositories in DEFAULT mode.
25-03-24.14:39:03.761 [main            ] INFO  RepositoryConfigurationDelegate - Finished Spring Data repository scanning in 11 ms. Found 0 Redis repository interfaces.
25-03-24.14:39:04.762 [main            ] INFO  Version                - Redisson 3.32.0
25-03-24.14:39:04.932 [main            ] WARN  SequentialDnsAddressResolverFactory - DNS TCP fallback on UDP query timeout disabled. Upgrade Netty to 4.1.105 or higher.
25-03-24.14:39:05.068 [redisson-netty-1-4] INFO  ConnectionsHolder      - 1 connections initialized for 127.0.0.1/127.0.0.1:6379
25-03-24.14:39:05.082 [redisson-netty-1-13] INFO  ConnectionsHolder      - 5 connections initialized for 127.0.0.1/127.0.0.1:6379
25-03-24.14:39:06.786 [main            ] INFO  EndpointLinksResolver  - Exposing 1 endpoint(s) beneath base path '/actuator'
25-03-24.14:39:06.846 [main            ] INFO  RaffleStrategyTest     - Started RaffleStrategyTest in 4.091 seconds (JVM running for 4.723)
25-03-24.14:39:07.308 [main            ] INFO  HikariDataSource       - HikariPool-1 - Starting...
25-03-24.14:39:07.545 [main            ] INFO  HikariDataSource       - HikariPool-1 - Start completed.
25-03-24.14:39:09.709 [SpringApplicationShutdownHook] INFO  HikariDataSource       - HikariPool-1 - Shutdown initiated...
25-03-24.14:39:09.717 [SpringApplicationShutdownHook] INFO  HikariDataSource       - HikariPool-1 - Shutdown completed.
25-03-24.14:39:12.180 [main            ] INFO  RaffleStrategyTest     - Starting RaffleStrategyTest using Java 21.0.4 on DESKTOP-DJN13UV with PID 25260 (started by MUZ in G:\prog\java\big-market\big-market-app)
25-03-24.14:39:12.181 [main            ] INFO  RaffleStrategyTest     - The following 1 profile is active: "dev"
25-03-24.14:39:12.847 [main            ] INFO  RepositoryConfigurationDelegate - Multiple Spring Data modules found, entering strict repository configuration mode
25-03-24.14:39:12.850 [main            ] INFO  RepositoryConfigurationDelegate - Bootstrapping Spring Data Redis repositories in DEFAULT mode.
25-03-24.14:39:12.880 [main            ] INFO  RepositoryConfigurationDelegate - Finished Spring Data repository scanning in 11 ms. Found 0 Redis repository interfaces.
25-03-24.14:39:13.895 [main            ] INFO  Version                - Redisson 3.32.0
25-03-24.14:39:14.040 [main            ] WARN  SequentialDnsAddressResolverFactory - DNS TCP fallback on UDP query timeout disabled. Upgrade Netty to 4.1.105 or higher.
25-03-24.14:39:14.157 [redisson-netty-1-4] INFO  ConnectionsHolder      - 1 connections initialized for 127.0.0.1/127.0.0.1:6379
25-03-24.14:39:14.170 [redisson-netty-1-13] INFO  ConnectionsHolder      - 5 connections initialized for 127.0.0.1/127.0.0.1:6379
25-03-24.14:39:15.812 [main            ] INFO  EndpointLinksResolver  - Exposing 1 endpoint(s) beneath base path '/actuator'
25-03-24.14:39:15.889 [main            ] INFO  RaffleStrategyTest     - Started RaffleStrategyTest in 4.042 seconds (JVM running for 4.785)
25-03-24.14:39:16.353 [main            ] INFO  HikariDataSource       - HikariPool-1 - Starting...
25-03-24.14:39:16.598 [main            ] INFO  HikariDataSource       - HikariPool-1 - Start completed.
25-03-24.14:39:18.753 [SpringApplicationShutdownHook] INFO  HikariDataSource       - HikariPool-1 - Shutdown initiated...
25-03-24.14:39:18.765 [SpringApplicationShutdownHook] INFO  HikariDataSource       - HikariPool-1 - Shutdown completed.
25-03-24.14:39:40.958 [main            ] INFO  RaffleStrategyTest     - Starting RaffleStrategyTest using Java 21.0.4 on DESKTOP-DJN13UV with PID 13736 (started by MUZ in G:\prog\java\big-market\big-market-app)
25-03-24.14:39:40.959 [main            ] INFO  RaffleStrategyTest     - The following 1 profile is active: "dev"
25-03-24.14:39:41.618 [main            ] INFO  RepositoryConfigurationDelegate - Multiple Spring Data modules found, entering strict repository configuration mode
25-03-24.14:39:41.620 [main            ] INFO  RepositoryConfigurationDelegate - Bootstrapping Spring Data Redis repositories in DEFAULT mode.
25-03-24.14:39:41.652 [main            ] INFO  RepositoryConfigurationDelegate - Finished Spring Data repository scanning in 13 ms. Found 0 Redis repository interfaces.
25-03-24.14:39:42.713 [main            ] INFO  Version                - Redisson 3.32.0
25-03-24.14:39:42.855 [main            ] WARN  SequentialDnsAddressResolverFactory - DNS TCP fallback on UDP query timeout disabled. Upgrade Netty to 4.1.105 or higher.
25-03-24.14:39:42.967 [redisson-netty-1-4] INFO  ConnectionsHolder      - 1 connections initialized for 127.0.0.1/127.0.0.1:6379
25-03-24.14:39:42.980 [redisson-netty-1-13] INFO  ConnectionsHolder      - 5 connections initialized for 127.0.0.1/127.0.0.1:6379
25-03-24.14:39:44.604 [main            ] INFO  EndpointLinksResolver  - Exposing 1 endpoint(s) beneath base path '/actuator'
25-03-24.14:39:44.656 [main            ] INFO  RaffleStrategyTest     - Started RaffleStrategyTest in 4.033 seconds (JVM running for 4.712)
25-03-24.14:39:50.778 [main            ] INFO  HikariDataSource       - HikariPool-1 - Starting...
25-03-24.14:39:51.004 [main            ] INFO  HikariDataSource       - HikariPool-1 - Start completed.
25-03-24.14:39:53.178 [SpringApplicationShutdownHook] INFO  HikariDataSource       - HikariPool-1 - Shutdown initiated...
25-03-24.14:39:53.186 [SpringApplicationShutdownHook] INFO  HikariDataSource       - HikariPool-1 - Shutdown completed.
25-03-24.14:39:57.512 [main            ] INFO  RaffleStrategyTest     - Starting RaffleStrategyTest using Java 21.0.4 on DESKTOP-DJN13UV with PID 23512 (started by MUZ in G:\prog\java\big-market\big-market-app)
25-03-24.14:39:57.512 [main            ] INFO  RaffleStrategyTest     - The following 1 profile is active: "dev"
25-03-24.14:39:58.189 [main            ] INFO  RepositoryConfigurationDelegate - Multiple Spring Data modules found, entering strict repository configuration mode
25-03-24.14:39:58.191 [main            ] INFO  RepositoryConfigurationDelegate - Bootstrapping Spring Data Redis repositories in DEFAULT mode.
25-03-24.14:39:58.219 [main            ] INFO  RepositoryConfigurationDelegate - Finished Spring Data repository scanning in 11 ms. Found 0 Redis repository interfaces.
25-03-24.14:39:59.181 [main            ] INFO  Version                - Redisson 3.32.0
25-03-24.14:39:59.380 [main            ] WARN  SequentialDnsAddressResolverFactory - DNS TCP fallback on UDP query timeout disabled. Upgrade Netty to 4.1.105 or higher.
25-03-24.14:39:59.507 [redisson-netty-1-4] INFO  ConnectionsHolder      - 1 connections initialized for 127.0.0.1/127.0.0.1:6379
25-03-24.14:39:59.521 [redisson-netty-1-13] INFO  ConnectionsHolder      - 5 connections initialized for 127.0.0.1/127.0.0.1:6379
25-03-24.14:40:01.157 [main            ] INFO  EndpointLinksResolver  - Exposing 1 endpoint(s) beneath base path '/actuator'
25-03-24.14:40:01.207 [main            ] INFO  RaffleStrategyTest     - Started RaffleStrategyTest in 4.017 seconds (JVM running for 4.654)
25-03-24.14:41:17.840 [main            ] INFO  RaffleStrategyTest     - Starting RaffleStrategyTest using Java 21.0.4 on DESKTOP-DJN13UV with PID 25144 (started by MUZ in G:\prog\java\big-market\big-market-app)
25-03-24.14:41:17.841 [main            ] INFO  RaffleStrategyTest     - The following 1 profile is active: "dev"
25-03-24.14:41:18.515 [main            ] INFO  RepositoryConfigurationDelegate - Multiple Spring Data modules found, entering strict repository configuration mode
25-03-24.14:41:18.517 [main            ] INFO  RepositoryConfigurationDelegate - Bootstrapping Spring Data Redis repositories in DEFAULT mode.
25-03-24.14:41:18.545 [main            ] INFO  RepositoryConfigurationDelegate - Finished Spring Data repository scanning in 11 ms. Found 0 Redis repository interfaces.
25-03-24.14:41:19.585 [main            ] INFO  Version                - Redisson 3.32.0
25-03-24.14:41:19.736 [main            ] WARN  SequentialDnsAddressResolverFactory - DNS TCP fallback on UDP query timeout disabled. Upgrade Netty to 4.1.105 or higher.
25-03-24.14:41:19.846 [redisson-netty-1-5] INFO  ConnectionsHolder      - 1 connections initialized for 127.0.0.1/127.0.0.1:6379
25-03-24.14:41:19.859 [redisson-netty-1-13] INFO  ConnectionsHolder      - 5 connections initialized for 127.0.0.1/127.0.0.1:6379
25-03-24.14:41:21.446 [main            ] INFO  EndpointLinksResolver  - Exposing 1 endpoint(s) beneath base path '/actuator'
25-03-24.14:41:21.508 [main            ] INFO  RaffleStrategyTest     - Started RaffleStrategyTest in 4.002 seconds (JVM running for 4.676)
25-03-24.14:41:24.540 [main            ] INFO  HikariDataSource       - HikariPool-1 - Starting...
25-03-24.14:41:24.790 [main            ] INFO  HikariDataSource       - HikariPool-1 - Start completed.
25-03-24.14:41:26.945 [SpringApplicationShutdownHook] INFO  HikariDataSource       - HikariPool-1 - Shutdown initiated...
25-03-24.14:41:26.954 [SpringApplicationShutdownHook] INFO  HikariDataSource       - HikariPool-1 - Shutdown completed.
25-03-24.14:41:31.121 [main            ] INFO  RaffleStrategyTest     - Starting RaffleStrategyTest using Java 21.0.4 on DESKTOP-DJN13UV with PID 22132 (started by MUZ in G:\prog\java\big-market\big-market-app)
25-03-24.14:41:31.122 [main            ] INFO  RaffleStrategyTest     - The following 1 profile is active: "dev"
25-03-24.14:41:31.801 [main            ] INFO  RepositoryConfigurationDelegate - Multiple Spring Data modules found, entering strict repository configuration mode
25-03-24.14:41:31.803 [main            ] INFO  RepositoryConfigurationDelegate - Bootstrapping Spring Data Redis repositories in DEFAULT mode.
25-03-24.14:41:31.830 [main            ] INFO  RepositoryConfigurationDelegate - Finished Spring Data repository scanning in 11 ms. Found 0 Redis repository interfaces.
25-03-24.14:41:32.866 [main            ] INFO  Version                - Redisson 3.32.0
25-03-24.14:41:33.013 [main            ] WARN  SequentialDnsAddressResolverFactory - DNS TCP fallback on UDP query timeout disabled. Upgrade Netty to 4.1.105 or higher.
25-03-24.14:41:33.135 [redisson-netty-1-4] INFO  ConnectionsHolder      - 1 connections initialized for 127.0.0.1/127.0.0.1:6379
25-03-24.14:41:33.149 [redisson-netty-1-13] INFO  ConnectionsHolder      - 5 connections initialized for 127.0.0.1/127.0.0.1:6379
25-03-24.14:41:34.814 [main            ] INFO  EndpointLinksResolver  - Exposing 1 endpoint(s) beneath base path '/actuator'
25-03-24.14:41:34.870 [main            ] INFO  RaffleStrategyTest     - Started RaffleStrategyTest in 4.078 seconds (JVM running for 4.755)
25-03-24.14:41:53.041 [main            ] INFO  HikariDataSource       - HikariPool-1 - Starting...
25-03-24.14:41:54.726 [main            ] INFO  HikariDataSource       - HikariPool-1 - Start completed.
25-03-24.14:42:00.432 [SpringApplicationShutdownHook] INFO  HikariDataSource       - HikariPool-1 - Shutdown initiated...
25-03-24.14:42:00.439 [SpringApplicationShutdownHook] INFO  HikariDataSource       - HikariPool-1 - Shutdown completed.
25-03-24.14:42:16.091 [main            ] INFO  RaffleStrategyTest     - Starting RaffleStrategyTest using Java 21.0.4 on DESKTOP-DJN13UV with PID 23352 (started by MUZ in G:\prog\java\big-market\big-market-app)
25-03-24.14:42:16.092 [main            ] INFO  RaffleStrategyTest     - The following 1 profile is active: "dev"
25-03-24.14:42:16.787 [main            ] INFO  RepositoryConfigurationDelegate - Multiple Spring Data modules found, entering strict repository configuration mode
25-03-24.14:42:16.790 [main            ] INFO  RepositoryConfigurationDelegate - Bootstrapping Spring Data Redis repositories in DEFAULT mode.
25-03-24.14:42:16.818 [main            ] INFO  RepositoryConfigurationDelegate - Finished Spring Data repository scanning in 12 ms. Found 0 Redis repository interfaces.
25-03-24.14:42:17.874 [main            ] INFO  Version                - Redisson 3.32.0
25-03-24.14:42:18.028 [main            ] WARN  SequentialDnsAddressResolverFactory - DNS TCP fallback on UDP query timeout disabled. Upgrade Netty to 4.1.105 or higher.
25-03-24.14:42:18.148 [redisson-netty-1-4] INFO  ConnectionsHolder      - 1 connections initialized for 127.0.0.1/127.0.0.1:6379
25-03-24.14:42:18.162 [redisson-netty-1-13] INFO  ConnectionsHolder      - 5 connections initialized for 127.0.0.1/127.0.0.1:6379
25-03-24.14:42:19.965 [main            ] INFO  EndpointLinksResolver  - Exposing 1 endpoint(s) beneath base path '/actuator'
25-03-24.14:42:20.029 [main            ] INFO  RaffleStrategyTest     - Started RaffleStrategyTest in 4.266 seconds (JVM running for 4.908)
25-03-24.14:43:52.134 [main            ] INFO  HikariDataSource       - HikariPool-1 - Starting...
25-03-24.14:43:53.838 [main            ] INFO  HikariDataSource       - HikariPool-1 - Start completed.
25-03-24.14:44:26.980 [HikariPool-1 housekeeper] WARN  HikariPool             - HikariPool-1 - Thread starvation or clock leap detected (housekeeper delta=1m3s142ms67µs300ns).
25-03-24.14:45:15.959 [HikariPool-1 housekeeper] WARN  HikariPool             - HikariPool-1 - Thread starvation or clock leap detected (housekeeper delta=48s979ms650µs800ns).
25-03-24.14:45:18.071 [SpringApplicationShutdownHook] INFO  HikariDataSource       - HikariPool-1 - Shutdown initiated...
25-03-24.14:45:18.090 [SpringApplicationShutdownHook] INFO  HikariDataSource       - HikariPool-1 - Shutdown completed.
25-03-24.14:45:20.479 [main            ] INFO  RaffleStrategyTest     - Starting RaffleStrategyTest using Java 21.0.4 on DESKTOP-DJN13UV with PID 8156 (started by MUZ in G:\prog\java\big-market\big-market-app)
25-03-24.14:45:20.480 [main            ] INFO  RaffleStrategyTest     - The following 1 profile is active: "dev"
25-03-24.14:45:21.114 [main            ] INFO  RepositoryConfigurationDelegate - Multiple Spring Data modules found, entering strict repository configuration mode
25-03-24.14:45:21.116 [main            ] INFO  RepositoryConfigurationDelegate - Bootstrapping Spring Data Redis repositories in DEFAULT mode.
25-03-24.14:45:21.142 [main            ] INFO  RepositoryConfigurationDelegate - Finished Spring Data repository scanning in 13 ms. Found 0 Redis repository interfaces.
25-03-24.14:45:22.107 [main            ] INFO  Version                - Redisson 3.32.0
25-03-24.14:45:22.279 [main            ] WARN  SequentialDnsAddressResolverFactory - DNS TCP fallback on UDP query timeout disabled. Upgrade Netty to 4.1.105 or higher.
25-03-24.14:45:22.412 [redisson-netty-1-4] INFO  ConnectionsHolder      - 1 connections initialized for 127.0.0.1/127.0.0.1:6379
25-03-24.14:45:22.427 [redisson-netty-1-13] INFO  ConnectionsHolder      - 5 connections initialized for 127.0.0.1/127.0.0.1:6379
25-03-24.14:45:24.011 [main            ] INFO  EndpointLinksResolver  - Exposing 1 endpoint(s) beneath base path '/actuator'
25-03-24.14:45:24.073 [main            ] INFO  RaffleStrategyTest     - Started RaffleStrategyTest in 3.919 seconds (JVM running for 4.622)
25-03-24.14:45:25.371 [main            ] INFO  HikariDataSource       - HikariPool-1 - Starting...
25-03-24.14:45:27.037 [main            ] INFO  HikariDataSource       - HikariPool-1 - Start completed.
25-03-24.14:45:35.635 [main            ] INFO  RuleLockLogicFilter    - 规则过滤-商品解锁 userId:muz strategyId:10003 ruleModel:rule_lock
25-03-24.14:45:37.817 [SpringApplicationShutdownHook] INFO  HikariDataSource       - HikariPool-1 - Shutdown initiated...
25-03-24.14:45:37.825 [SpringApplicationShutdownHook] INFO  HikariDataSource       - HikariPool-1 - Shutdown completed.
25-03-24.14:45:45.593 [main            ] INFO  RaffleStrategyTest     - Starting RaffleStrategyTest using Java 21.0.4 on DESKTOP-DJN13UV with PID 13576 (started by MUZ in G:\prog\java\big-market\big-market-app)
25-03-24.14:45:45.594 [main            ] INFO  RaffleStrategyTest     - The following 1 profile is active: "dev"
25-03-24.14:45:46.273 [main            ] INFO  RepositoryConfigurationDelegate - Multiple Spring Data modules found, entering strict repository configuration mode
25-03-24.14:45:46.276 [main            ] INFO  RepositoryConfigurationDelegate - Bootstrapping Spring Data Redis repositories in DEFAULT mode.
25-03-24.14:45:46.305 [main            ] INFO  RepositoryConfigurationDelegate - Finished Spring Data repository scanning in 12 ms. Found 0 Redis repository interfaces.
25-03-24.14:45:47.329 [main            ] INFO  Version                - Redisson 3.32.0
25-03-24.14:45:47.538 [main            ] WARN  SequentialDnsAddressResolverFactory - DNS TCP fallback on UDP query timeout disabled. Upgrade Netty to 4.1.105 or higher.
25-03-24.14:45:47.665 [redisson-netty-1-5] INFO  ConnectionsHolder      - 1 connections initialized for 127.0.0.1/127.0.0.1:6379
25-03-24.14:45:47.676 [redisson-netty-1-13] INFO  ConnectionsHolder      - 5 connections initialized for 127.0.0.1/127.0.0.1:6379
25-03-24.14:45:49.355 [main            ] INFO  EndpointLinksResolver  - Exposing 1 endpoint(s) beneath base path '/actuator'
25-03-24.14:45:49.409 [main            ] INFO  RaffleStrategyTest     - Started RaffleStrategyTest in 4.144 seconds (JVM running for 4.774)
25-03-24.14:46:29.638 [main            ] INFO  RuleLockLogicFilter    - 规则过滤-商品解锁 userId:muz strategyId:10003 ruleModel:rule_lock
25-03-24.14:46:29.724 [main            ] INFO  HikariDataSource       - HikariPool-1 - Starting...
25-03-24.14:46:31.398 [main            ] INFO  HikariDataSource       - HikariPool-1 - Start completed.
25-03-24.14:46:38.439 [SpringApplicationShutdownHook] INFO  HikariDataSource       - HikariPool-1 - Shutdown initiated...
25-03-24.14:46:38.447 [SpringApplicationShutdownHook] INFO  HikariDataSource       - HikariPool-1 - Shutdown completed.
25-03-24.14:46:40.692 [main            ] INFO  RaffleStrategyTest     - Starting RaffleStrategyTest using Java 21.0.4 on DESKTOP-DJN13UV with PID 16860 (started by MUZ in G:\prog\java\big-market\big-market-app)
25-03-24.14:46:40.693 [main            ] INFO  RaffleStrategyTest     - The following 1 profile is active: "dev"
25-03-24.14:46:41.338 [main            ] INFO  RepositoryConfigurationDelegate - Multiple Spring Data modules found, entering strict repository configuration mode
25-03-24.14:46:41.340 [main            ] INFO  RepositoryConfigurationDelegate - Bootstrapping Spring Data Redis repositories in DEFAULT mode.
25-03-24.14:46:41.371 [main            ] INFO  RepositoryConfigurationDelegate - Finished Spring Data repository scanning in 11 ms. Found 0 Redis repository interfaces.
25-03-24.14:46:42.426 [main            ] INFO  Version                - Redisson 3.32.0
25-03-24.14:46:42.578 [main            ] WARN  SequentialDnsAddressResolverFactory - DNS TCP fallback on UDP query timeout disabled. Upgrade Netty to 4.1.105 or higher.
25-03-24.14:46:42.697 [redisson-netty-1-4] INFO  ConnectionsHolder      - 1 connections initialized for 127.0.0.1/127.0.0.1:6379
25-03-24.14:46:42.712 [redisson-netty-1-13] INFO  ConnectionsHolder      - 5 connections initialized for 127.0.0.1/127.0.0.1:6379
25-03-24.14:46:44.361 [main            ] INFO  EndpointLinksResolver  - Exposing 1 endpoint(s) beneath base path '/actuator'
25-03-24.14:46:44.427 [main            ] INFO  RaffleStrategyTest     - Started RaffleStrategyTest in 4.06 seconds (JVM running for 4.719)
25-03-24.14:48:35.152 [main            ] INFO  RuleLockLogicFilter    - 规则过滤-商品解锁 userId:muz strategyId:10003 ruleModel:rule_lock
25-03-24.14:48:37.911 [main            ] INFO  HikariDataSource       - HikariPool-1 - Starting...
25-03-24.14:48:39.616 [main            ] INFO  HikariDataSource       - HikariPool-1 - Start completed.
25-03-24.14:48:51.399 [SpringApplicationShutdownHook] INFO  HikariDataSource       - HikariPool-1 - Shutdown initiated...
25-03-24.14:48:51.412 [SpringApplicationShutdownHook] INFO  HikariDataSource       - HikariPool-1 - Shutdown completed.
25-03-24.14:48:53.594 [main            ] INFO  RaffleStrategyTest     - Starting RaffleStrategyTest using Java 21.0.4 on DESKTOP-DJN13UV with PID 9980 (started by MUZ in G:\prog\java\big-market\big-market-app)
25-03-24.14:48:53.595 [main            ] INFO  RaffleStrategyTest     - The following 1 profile is active: "dev"
25-03-24.14:48:54.268 [main            ] INFO  RepositoryConfigurationDelegate - Multiple Spring Data modules found, entering strict repository configuration mode
25-03-24.14:48:54.270 [main            ] INFO  RepositoryConfigurationDelegate - Bootstrapping Spring Data Redis repositories in DEFAULT mode.
25-03-24.14:48:54.304 [main            ] INFO  RepositoryConfigurationDelegate - Finished Spring Data repository scanning in 13 ms. Found 0 Redis repository interfaces.
25-03-24.14:48:55.385 [main            ] INFO  Version                - Redisson 3.32.0
25-03-24.14:48:55.537 [main            ] WARN  SequentialDnsAddressResolverFactory - DNS TCP fallback on UDP query timeout disabled. Upgrade Netty to 4.1.105 or higher.
25-03-24.14:48:55.659 [redisson-netty-1-5] INFO  ConnectionsHolder      - 1 connections initialized for 127.0.0.1/127.0.0.1:6379
25-03-24.14:48:55.672 [redisson-netty-1-13] INFO  ConnectionsHolder      - 5 connections initialized for 127.0.0.1/127.0.0.1:6379
25-03-24.14:48:57.368 [main            ] INFO  EndpointLinksResolver  - Exposing 1 endpoint(s) beneath base path '/actuator'
25-03-24.14:48:57.436 [main            ] INFO  RaffleStrategyTest     - Started RaffleStrategyTest in 4.168 seconds (JVM running for 4.834)
25-03-24.14:49:09.800 [main            ] INFO  RuleLockLogicFilter    - 规则过滤-商品解锁 userId:muz strategyId:10003 ruleModel:rule_lock
25-03-24.14:50:54.095 [main            ] INFO  HikariDataSource       - HikariPool-1 - Starting...
25-03-24.14:50:55.800 [main            ] INFO  HikariDataSource       - HikariPool-1 - Start completed.
25-03-24.14:50:56.109 [SpringApplicationShutdownHook] INFO  HikariDataSource       - HikariPool-1 - Shutdown initiated...
25-03-24.14:50:56.122 [SpringApplicationShutdownHook] INFO  HikariDataSource       - HikariPool-1 - Shutdown completed.
25-03-24.14:50:58.616 [main            ] INFO  RaffleStrategyTest     - Starting RaffleStrategyTest using Java 21.0.4 on DESKTOP-DJN13UV with PID 17088 (started by MUZ in G:\prog\java\big-market\big-market-app)
25-03-24.14:50:58.617 [main            ] INFO  RaffleStrategyTest     - The following 1 profile is active: "dev"
25-03-24.14:50:59.292 [main            ] INFO  RepositoryConfigurationDelegate - Multiple Spring Data modules found, entering strict repository configuration mode
25-03-24.14:50:59.294 [main            ] INFO  RepositoryConfigurationDelegate - Bootstrapping Spring Data Redis repositories in DEFAULT mode.
25-03-24.14:50:59.319 [main            ] INFO  RepositoryConfigurationDelegate - Finished Spring Data repository scanning in 11 ms. Found 0 Redis repository interfaces.
25-03-24.14:51:00.389 [main            ] INFO  Version                - Redisson 3.32.0
25-03-24.14:51:00.551 [main            ] WARN  SequentialDnsAddressResolverFactory - DNS TCP fallback on UDP query timeout disabled. Upgrade Netty to 4.1.105 or higher.
25-03-24.14:51:00.679 [redisson-netty-1-4] INFO  ConnectionsHolder      - 1 connections initialized for 127.0.0.1/127.0.0.1:6379
25-03-24.14:51:00.693 [redisson-netty-1-13] INFO  ConnectionsHolder      - 5 connections initialized for 127.0.0.1/127.0.0.1:6379
25-03-24.14:51:02.357 [main            ] INFO  EndpointLinksResolver  - Exposing 1 endpoint(s) beneath base path '/actuator'
25-03-24.14:51:02.405 [main            ] INFO  RaffleStrategyTest     - Started RaffleStrategyTest in 4.126 seconds (JVM running for 4.808)
25-03-24.14:51:06.378 [main            ] INFO  RuleLockLogicFilter    - 规则过滤-商品解锁 userId:muz strategyId:10003 ruleModel:rule_lock
25-03-24.14:51:15.305 [main            ] INFO  HikariDataSource       - HikariPool-1 - Starting...
25-03-24.14:51:15.546 [main            ] INFO  HikariDataSource       - HikariPool-1 - Start completed.
25-03-24.14:51:17.696 [SpringApplicationShutdownHook] INFO  HikariDataSource       - HikariPool-1 - Shutdown initiated...
25-03-24.14:51:17.708 [SpringApplicationShutdownHook] INFO  HikariDataSource       - HikariPool-1 - Shutdown completed.
25-03-24.14:51:37.983 [main            ] INFO  RaffleStrategyTest     - Starting RaffleStrategyTest using Java 21.0.4 on DESKTOP-DJN13UV with PID 3940 (started by MUZ in G:\prog\java\big-market\big-market-app)
25-03-24.14:51:37.984 [main            ] INFO  RaffleStrategyTest     - The following 1 profile is active: "dev"
25-03-24.14:51:38.710 [main            ] INFO  RepositoryConfigurationDelegate - Multiple Spring Data modules found, entering strict repository configuration mode
25-03-24.14:51:38.712 [main            ] INFO  RepositoryConfigurationDelegate - Bootstrapping Spring Data Redis repositories in DEFAULT mode.
25-03-24.14:51:38.743 [main            ] INFO  RepositoryConfigurationDelegate - Finished Spring Data repository scanning in 12 ms. Found 0 Redis repository interfaces.
25-03-24.14:51:39.790 [main            ] INFO  Version                - Redisson 3.32.0
25-03-24.14:51:39.937 [main            ] WARN  SequentialDnsAddressResolverFactory - DNS TCP fallback on UDP query timeout disabled. Upgrade Netty to 4.1.105 or higher.
25-03-24.14:51:40.061 [redisson-netty-1-4] INFO  ConnectionsHolder      - 1 connections initialized for 127.0.0.1/127.0.0.1:6379
25-03-24.14:51:40.078 [redisson-netty-1-13] INFO  ConnectionsHolder      - 5 connections initialized for 127.0.0.1/127.0.0.1:6379
25-03-24.14:51:41.701 [main            ] INFO  EndpointLinksResolver  - Exposing 1 endpoint(s) beneath base path '/actuator'
25-03-24.14:51:41.755 [main            ] INFO  RaffleStrategyTest     - Started RaffleStrategyTest in 4.098 seconds (JVM running for 4.768)
25-03-24.14:51:47.360 [main            ] INFO  RuleLockLogicFilter    - 规则过滤-商品解锁 userId:muz strategyId:10003 ruleModel:rule_lock
25-03-24.14:52:06.888 [main            ] INFO  HikariDataSource       - HikariPool-1 - Starting...
25-03-24.14:52:08.609 [main            ] INFO  HikariDataSource       - HikariPool-1 - Start completed.
25-03-24.14:52:14.326 [SpringApplicationShutdownHook] INFO  HikariDataSource       - HikariPool-1 - Shutdown initiated...
25-03-24.14:52:14.333 [SpringApplicationShutdownHook] INFO  HikariDataSource       - HikariPool-1 - Shutdown completed.
25-03-24.14:52:31.322 [main            ] INFO  RaffleStrategyTest     - Starting RaffleStrategyTest using Java 21.0.4 on DESKTOP-DJN13UV with PID 27644 (started by MUZ in G:\prog\java\big-market\big-market-app)
25-03-24.14:52:31.323 [main            ] INFO  RaffleStrategyTest     - The following 1 profile is active: "dev"
25-03-24.14:52:31.973 [main            ] INFO  RepositoryConfigurationDelegate - Multiple Spring Data modules found, entering strict repository configuration mode
25-03-24.14:52:31.975 [main            ] INFO  RepositoryConfigurationDelegate - Bootstrapping Spring Data Redis repositories in DEFAULT mode.
25-03-24.14:52:32.007 [main            ] INFO  RepositoryConfigurationDelegate - Finished Spring Data repository scanning in 11 ms. Found 0 Redis repository interfaces.
25-03-24.14:52:32.974 [main            ] INFO  Version                - Redisson 3.32.0
25-03-24.14:52:33.175 [main            ] WARN  SequentialDnsAddressResolverFactory - DNS TCP fallback on UDP query timeout disabled. Upgrade Netty to 4.1.105 or higher.
25-03-24.14:52:33.307 [redisson-netty-1-4] INFO  ConnectionsHolder      - 1 connections initialized for 127.0.0.1/127.0.0.1:6379
25-03-24.14:52:33.322 [redisson-netty-1-13] INFO  ConnectionsHolder      - 5 connections initialized for 127.0.0.1/127.0.0.1:6379
25-03-24.14:52:34.996 [main            ] INFO  EndpointLinksResolver  - Exposing 1 endpoint(s) beneath base path '/actuator'
25-03-24.14:52:35.063 [main            ] INFO  RaffleStrategyTest     - Started RaffleStrategyTest in 4.066 seconds (JVM running for 4.705)
25-03-24.14:52:40.842 [main            ] INFO  RuleLockLogicFilter    - 规则过滤-商品解锁 userId:muz strategyId:10003 ruleModel:rule_lock
25-03-24.14:52:44.694 [main            ] INFO  HikariDataSource       - HikariPool-1 - Starting...
25-03-24.14:52:44.948 [main            ] INFO  HikariDataSource       - HikariPool-1 - Start completed.
25-03-24.14:52:47.112 [SpringApplicationShutdownHook] INFO  HikariDataSource       - HikariPool-1 - Shutdown initiated...
25-03-24.14:52:47.120 [SpringApplicationShutdownHook] INFO  HikariDataSource       - HikariPool-1 - Shutdown completed.
25-03-24.14:55:14.287 [main            ] INFO  RaffleStrategyTest     - Starting RaffleStrategyTest using Java 21.0.4 on DESKTOP-DJN13UV with PID 6372 (started by MUZ in G:\prog\java\big-market\big-market-app)
25-03-24.14:55:14.287 [main            ] INFO  RaffleStrategyTest     - The following 1 profile is active: "dev"
25-03-24.14:55:14.971 [main            ] INFO  RepositoryConfigurationDelegate - Multiple Spring Data modules found, entering strict repository configuration mode
25-03-24.14:55:14.973 [main            ] INFO  RepositoryConfigurationDelegate - Bootstrapping Spring Data Redis repositories in DEFAULT mode.
25-03-24.14:55:15.000 [main            ] INFO  RepositoryConfigurationDelegate - Finished Spring Data repository scanning in 12 ms. Found 0 Redis repository interfaces.
25-03-24.14:55:16.025 [main            ] INFO  Version                - Redisson 3.32.0
25-03-24.14:55:16.177 [main            ] WARN  SequentialDnsAddressResolverFactory - DNS TCP fallback on UDP query timeout disabled. Upgrade Netty to 4.1.105 or higher.
25-03-24.14:55:16.306 [redisson-netty-1-4] INFO  ConnectionsHolder      - 1 connections initialized for 127.0.0.1/127.0.0.1:6379
25-03-24.14:55:16.319 [redisson-netty-1-13] INFO  ConnectionsHolder      - 5 connections initialized for 127.0.0.1/127.0.0.1:6379
25-03-24.14:55:18.016 [main            ] INFO  EndpointLinksResolver  - Exposing 1 endpoint(s) beneath base path '/actuator'
25-03-24.14:55:18.094 [main            ] INFO  RaffleStrategyTest     - Started RaffleStrategyTest in 4.134 seconds (JVM running for 4.755)
25-03-24.14:55:20.340 [main            ] INFO  RuleLockLogicFilter    - 规则过滤-商品解锁 userId:muz strategyId:10003 ruleModel:rule_lock
25-03-24.14:57:35.471 [main            ] INFO  HikariDataSource       - HikariPool-1 - Starting...
25-03-24.14:57:35.718 [main            ] INFO  HikariDataSource       - HikariPool-1 - Start completed.
25-03-24.14:57:37.505 [SpringApplicationShutdownHook] INFO  HikariDataSource       - HikariPool-1 - Shutdown initiated...
25-03-24.14:57:37.512 [SpringApplicationShutdownHook] INFO  HikariDataSource       - HikariPool-1 - Shutdown completed.
25-03-24.14:57:39.985 [main            ] INFO  RaffleStrategyTest     - Starting RaffleStrategyTest using Java 21.0.4 on DESKTOP-DJN13UV with PID 24344 (started by MUZ in G:\prog\java\big-market\big-market-app)
25-03-24.14:57:39.986 [main            ] INFO  RaffleStrategyTest     - The following 1 profile is active: "dev"
25-03-24.14:57:40.661 [main            ] INFO  RepositoryConfigurationDelegate - Multiple Spring Data modules found, entering strict repository configuration mode
25-03-24.14:57:40.663 [main            ] INFO  RepositoryConfigurationDelegate - Bootstrapping Spring Data Redis repositories in DEFAULT mode.
25-03-24.14:57:40.692 [main            ] INFO  RepositoryConfigurationDelegate - Finished Spring Data repository scanning in 11 ms. Found 0 Redis repository interfaces.
25-03-24.14:57:41.805 [main            ] INFO  Version                - Redisson 3.32.0
25-03-24.14:57:41.976 [main            ] WARN  SequentialDnsAddressResolverFactory - DNS TCP fallback on UDP query timeout disabled. Upgrade Netty to 4.1.105 or higher.
25-03-24.14:57:42.098 [redisson-netty-1-4] INFO  ConnectionsHolder      - 1 connections initialized for 127.0.0.1/127.0.0.1:6379
25-03-24.14:57:42.114 [redisson-netty-1-13] INFO  ConnectionsHolder      - 5 connections initialized for 127.0.0.1/127.0.0.1:6379
25-03-24.14:57:43.921 [main            ] INFO  EndpointLinksResolver  - Exposing 1 endpoint(s) beneath base path '/actuator'
25-03-24.14:57:44.008 [main            ] INFO  RaffleStrategyTest     - Started RaffleStrategyTest in 4.362 seconds (JVM running for 5.052)
25-03-24.14:57:51.610 [main            ] INFO  RuleLockLogicFilter    - 规则过滤-商品解锁 userId:muz strategyId:10003 ruleModel:rule_lock
25-03-24.14:57:51.647 [main            ] INFO  HikariDataSource       - HikariPool-1 - Starting...
25-03-24.14:57:51.893 [main            ] INFO  HikariDataSource       - HikariPool-1 - Start completed.
25-03-24.14:57:53.689 [SpringApplicationShutdownHook] INFO  HikariDataSource       - HikariPool-1 - Shutdown initiated...
25-03-24.14:57:53.704 [SpringApplicationShutdownHook] INFO  HikariDataSource       - HikariPool-1 - Shutdown completed.
25-03-24.14:58:05.440 [main            ] INFO  RaffleStrategyTest     - Starting RaffleStrategyTest using Java 21.0.4 on DESKTOP-DJN13UV with PID 26948 (started by MUZ in G:\prog\java\big-market\big-market-app)
25-03-24.14:58:05.441 [main            ] INFO  RaffleStrategyTest     - The following 1 profile is active: "dev"
25-03-24.14:58:06.149 [main            ] INFO  RepositoryConfigurationDelegate - Multiple Spring Data modules found, entering strict repository configuration mode
25-03-24.14:58:06.151 [main            ] INFO  RepositoryConfigurationDelegate - Bootstrapping Spring Data Redis repositories in DEFAULT mode.
25-03-24.14:58:06.175 [main            ] INFO  RepositoryConfigurationDelegate - Finished Spring Data repository scanning in 12 ms. Found 0 Redis repository interfaces.
25-03-24.14:58:07.227 [main            ] INFO  Version                - Redisson 3.32.0
25-03-24.14:58:07.375 [main            ] WARN  SequentialDnsAddressResolverFactory - DNS TCP fallback on UDP query timeout disabled. Upgrade Netty to 4.1.105 or higher.
25-03-24.14:58:07.491 [redisson-netty-1-4] INFO  ConnectionsHolder      - 1 connections initialized for 127.0.0.1/127.0.0.1:6379
25-03-24.14:58:07.506 [redisson-netty-1-13] INFO  ConnectionsHolder      - 5 connections initialized for 127.0.0.1/127.0.0.1:6379
25-03-24.14:58:09.351 [main            ] INFO  EndpointLinksResolver  - Exposing 1 endpoint(s) beneath base path '/actuator'
25-03-24.14:58:09.444 [main            ] INFO  RaffleStrategyTest     - Started RaffleStrategyTest in 4.35 seconds (JVM running for 4.991)
25-03-24.14:58:11.972 [main            ] INFO  RuleLockLogicFilter    - 规则过滤-商品解锁 userId:muz strategyId:10003 ruleModel:rule_lock
25-03-24.14:58:13.515 [main            ] INFO  HikariDataSource       - HikariPool-1 - Starting...
25-03-24.14:58:13.756 [main            ] INFO  HikariDataSource       - HikariPool-1 - Start completed.
25-03-24.14:58:15.910 [SpringApplicationShutdownHook] INFO  HikariDataSource       - HikariPool-1 - Shutdown initiated...
25-03-24.14:58:15.921 [SpringApplicationShutdownHook] INFO  HikariDataSource       - HikariPool-1 - Shutdown completed.
25-03-24.14:58:30.668 [main            ] INFO  RaffleStrategyTest     - Starting RaffleStrategyTest using Java 21.0.4 on DESKTOP-DJN13UV with PID 4040 (started by MUZ in G:\prog\java\big-market\big-market-app)
25-03-24.14:58:30.668 [main            ] INFO  RaffleStrategyTest     - The following 1 profile is active: "dev"
25-03-24.14:58:31.352 [main            ] INFO  RepositoryConfigurationDelegate - Multiple Spring Data modules found, entering strict repository configuration mode
25-03-24.14:58:31.355 [main            ] INFO  RepositoryConfigurationDelegate - Bootstrapping Spring Data Redis repositories in DEFAULT mode.
25-03-24.14:58:31.389 [main            ] INFO  RepositoryConfigurationDelegate - Finished Spring Data repository scanning in 18 ms. Found 0 Redis repository interfaces.
25-03-24.14:58:32.383 [main            ] INFO  Version                - Redisson 3.32.0
25-03-24.14:58:32.545 [main            ] WARN  SequentialDnsAddressResolverFactory - DNS TCP fallback on UDP query timeout disabled. Upgrade Netty to 4.1.105 or higher.
25-03-24.14:58:32.666 [redisson-netty-1-4] INFO  ConnectionsHolder      - 1 connections initialized for 127.0.0.1/127.0.0.1:6379
25-03-24.14:58:32.680 [redisson-netty-1-13] INFO  ConnectionsHolder      - 5 connections initialized for 127.0.0.1/127.0.0.1:6379
25-03-24.14:58:34.362 [main            ] INFO  EndpointLinksResolver  - Exposing 1 endpoint(s) beneath base path '/actuator'
25-03-24.14:58:34.452 [main            ] INFO  RaffleStrategyTest     - Started RaffleStrategyTest in 4.131 seconds (JVM running for 4.777)
25-03-24.14:58:37.723 [main            ] INFO  RuleLockLogicFilter    - 规则过滤-商品解锁 userId:muz strategyId:10003 ruleModel:rule_lock
25-03-24.14:59:42.571 [main            ] INFO  HikariDataSource       - HikariPool-1 - Starting...
25-03-24.14:59:42.836 [main            ] INFO  HikariDataSource       - HikariPool-1 - Start completed.
25-03-24.14:59:44.990 [SpringApplicationShutdownHook] INFO  HikariDataSource       - HikariPool-1 - Shutdown initiated...
25-03-24.14:59:45.003 [SpringApplicationShutdownHook] INFO  HikariDataSource       - HikariPool-1 - Shutdown completed.
25-03-24.15:00:31.328 [main            ] INFO  RaffleStrategyTest     - Starting RaffleStrategyTest using Java 21.0.4 on DESKTOP-DJN13UV with PID 25212 (started by MUZ in G:\prog\java\big-market\big-market-app)
25-03-24.15:00:31.329 [main            ] INFO  RaffleStrategyTest     - The following 1 profile is active: "dev"
25-03-24.15:00:31.987 [main            ] INFO  RepositoryConfigurationDelegate - Multiple Spring Data modules found, entering strict repository configuration mode
25-03-24.15:00:31.989 [main            ] INFO  RepositoryConfigurationDelegate - Bootstrapping Spring Data Redis repositories in DEFAULT mode.
25-03-24.15:00:32.015 [main            ] INFO  RepositoryConfigurationDelegate - Finished Spring Data repository scanning in 11 ms. Found 0 Redis repository interfaces.
25-03-24.15:00:33.065 [main            ] INFO  Version                - Redisson 3.32.0
25-03-24.15:00:33.237 [main            ] WARN  SequentialDnsAddressResolverFactory - DNS TCP fallback on UDP query timeout disabled. Upgrade Netty to 4.1.105 or higher.
25-03-24.15:00:33.357 [redisson-netty-1-4] INFO  ConnectionsHolder      - 1 connections initialized for 127.0.0.1/127.0.0.1:6379
25-03-24.15:00:33.370 [redisson-netty-1-13] INFO  ConnectionsHolder      - 5 connections initialized for 127.0.0.1/127.0.0.1:6379
25-03-24.15:00:35.028 [main            ] INFO  EndpointLinksResolver  - Exposing 1 endpoint(s) beneath base path '/actuator'
25-03-24.15:00:35.075 [main            ] INFO  RaffleStrategyTest     - Started RaffleStrategyTest in 4.07 seconds (JVM running for 4.686)
25-03-24.15:03:19.888 [main            ] INFO  RuleLockLogicFilter    - 规则过滤-商品解锁 userId:muz strategyId:10003 ruleModel:rule_lock
25-03-24.15:45:11.857 [main            ] INFO  HikariDataSource       - HikariPool-1 - Starting...
25-03-24.15:45:12.102 [main            ] INFO  HikariDataSource       - HikariPool-1 - Start completed.
25-03-24.15:45:13.920 [SpringApplicationShutdownHook] INFO  HikariDataSource       - HikariPool-1 - Shutdown initiated...
25-03-24.15:45:13.928 [SpringApplicationShutdownHook] INFO  HikariDataSource       - HikariPool-1 - Shutdown completed.
25-03-24.15:45:17.521 [main            ] INFO  RaffleStrategyTest     - Starting RaffleStrategyTest using Java 21.0.4 on DESKTOP-DJN13UV with PID 16984 (started by MUZ in G:\prog\java\big-market\big-market-app)
25-03-24.15:45:17.522 [main            ] INFO  RaffleStrategyTest     - The following 1 profile is active: "dev"
25-03-24.15:45:18.241 [main            ] INFO  RepositoryConfigurationDelegate - Multiple Spring Data modules found, entering strict repository configuration mode
25-03-24.15:45:18.243 [main            ] INFO  RepositoryConfigurationDelegate - Bootstrapping Spring Data Redis repositories in DEFAULT mode.
25-03-24.15:45:18.266 [main            ] INFO  RepositoryConfigurationDelegate - Finished Spring Data repository scanning in 11 ms. Found 0 Redis repository interfaces.
25-03-24.15:45:19.295 [main            ] INFO  Version                - Redisson 3.32.0
25-03-24.15:45:19.484 [main            ] WARN  SequentialDnsAddressResolverFactory - DNS TCP fallback on UDP query timeout disabled. Upgrade Netty to 4.1.105 or higher.
25-03-24.15:45:19.628 [redisson-netty-1-4] INFO  ConnectionsHolder      - 1 connections initialized for 127.0.0.1/127.0.0.1:6379
25-03-24.15:45:19.641 [redisson-netty-1-13] INFO  ConnectionsHolder      - 5 connections initialized for 127.0.0.1/127.0.0.1:6379
25-03-24.15:45:21.536 [main            ] INFO  EndpointLinksResolver  - Exposing 1 endpoint(s) beneath base path '/actuator'
25-03-24.15:45:21.602 [main            ] INFO  RaffleStrategyTest     - Started RaffleStrategyTest in 4.414 seconds (JVM running for 5.062)
25-03-24.15:45:38.824 [main            ] INFO  RuleLockLogicFilter    - 规则过滤-商品解锁 userId:muz strategyId:10003 ruleModel:rule_lock
25-03-24.15:47:56.407 [main            ] INFO  HikariDataSource       - HikariPool-1 - Starting...
25-03-24.15:47:58.098 [main            ] INFO  HikariDataSource       - HikariPool-1 - Start completed.
25-03-24.15:47:58.441 [SpringApplicationShutdownHook] INFO  HikariDataSource       - HikariPool-1 - Shutdown initiated...
25-03-24.15:47:58.450 [SpringApplicationShutdownHook] INFO  HikariDataSource       - HikariPool-1 - Shutdown completed.
25-03-24.15:48:00.614 [main            ] INFO  RaffleStrategyTest     - Starting RaffleStrategyTest using Java 21.0.4 on DESKTOP-DJN13UV with PID 27804 (started by MUZ in G:\prog\java\big-market\big-market-app)
25-03-24.15:48:00.615 [main            ] INFO  RaffleStrategyTest     - The following 1 profile is active: "dev"
25-03-24.15:48:01.272 [main            ] INFO  RepositoryConfigurationDelegate - Multiple Spring Data modules found, entering strict repository configuration mode
25-03-24.15:48:01.274 [main            ] INFO  RepositoryConfigurationDelegate - Bootstrapping Spring Data Redis repositories in DEFAULT mode.
25-03-24.15:48:01.302 [main            ] INFO  RepositoryConfigurationDelegate - Finished Spring Data repository scanning in 9 ms. Found 0 Redis repository interfaces.
25-03-24.15:48:02.368 [main            ] INFO  Version                - Redisson 3.32.0
25-03-24.15:48:02.523 [main            ] WARN  SequentialDnsAddressResolverFactory - DNS TCP fallback on UDP query timeout disabled. Upgrade Netty to 4.1.105 or higher.
25-03-24.15:48:02.640 [redisson-netty-1-4] INFO  ConnectionsHolder      - 1 connections initialized for 127.0.0.1/127.0.0.1:6379
25-03-24.15:48:02.654 [redisson-netty-1-13] INFO  ConnectionsHolder      - 5 connections initialized for 127.0.0.1/127.0.0.1:6379
25-03-24.15:48:04.298 [main            ] INFO  EndpointLinksResolver  - Exposing 1 endpoint(s) beneath base path '/actuator'
25-03-24.15:48:04.355 [main            ] INFO  RaffleStrategyTest     - Started RaffleStrategyTest in 4.069 seconds (JVM running for 4.721)
25-03-24.15:48:11.272 [main            ] INFO  RuleLockLogicFilter    - 规则过滤-商品解锁 userId:muz strategyId:10003 ruleModel:rule_lock
25-03-24.15:48:13.123 [main            ] INFO  HikariDataSource       - HikariPool-1 - Starting...
25-03-24.15:48:13.368 [main            ] INFO  HikariDataSource       - HikariPool-1 - Start completed.
25-03-24.15:48:38.543 [HikariPool-1 housekeeper] WARN  HikariPool             - HikariPool-1 - Thread starvation or clock leap detected (housekeeper delta=55s176ms34µs300ns).
25-03-24.15:48:40.683 [SpringApplicationShutdownHook] INFO  HikariDataSource       - HikariPool-1 - Shutdown initiated...
25-03-24.15:48:40.693 [SpringApplicationShutdownHook] INFO  HikariDataSource       - HikariPool-1 - Shutdown completed.
25-03-24.15:48:51.115 [main            ] INFO  RaffleStrategyTest     - Starting RaffleStrategyTest using Java 21.0.4 on DESKTOP-DJN13UV with PID 8508 (started by MUZ in G:\prog\java\big-market\big-market-app)
25-03-24.15:48:51.116 [main            ] INFO  RaffleStrategyTest     - The following 1 profile is active: "dev"
25-03-24.15:48:51.769 [main            ] INFO  RepositoryConfigurationDelegate - Multiple Spring Data modules found, entering strict repository configuration mode
25-03-24.15:48:51.771 [main            ] INFO  RepositoryConfigurationDelegate - Bootstrapping Spring Data Redis repositories in DEFAULT mode.
25-03-24.15:48:51.799 [main            ] INFO  RepositoryConfigurationDelegate - Finished Spring Data repository scanning in 11 ms. Found 0 Redis repository interfaces.
25-03-24.15:48:52.825 [main            ] INFO  Version                - Redisson 3.32.0
25-03-24.15:48:52.990 [main            ] WARN  SequentialDnsAddressResolverFactory - DNS TCP fallback on UDP query timeout disabled. Upgrade Netty to 4.1.105 or higher.
25-03-24.15:48:53.104 [redisson-netty-1-4] INFO  ConnectionsHolder      - 1 connections initialized for 127.0.0.1/127.0.0.1:6379
25-03-24.15:48:53.117 [redisson-netty-1-13] INFO  ConnectionsHolder      - 5 connections initialized for 127.0.0.1/127.0.0.1:6379
25-03-24.15:48:54.821 [main            ] INFO  EndpointLinksResolver  - Exposing 1 endpoint(s) beneath base path '/actuator'
25-03-24.15:48:54.888 [main            ] INFO  RaffleStrategyTest     - Started RaffleStrategyTest in 4.106 seconds (JVM running for 4.704)
25-03-24.15:49:21.950 [main            ] INFO  RuleLockLogicFilter    - 规则过滤-商品解锁 userId:muz strategyId:10003 ruleModel:rule_lock
25-03-24.15:49:25.524 [main            ] INFO  HikariDataSource       - HikariPool-1 - Starting...
25-03-24.15:49:27.260 [main            ] INFO  HikariDataSource       - HikariPool-1 - Start completed.
25-03-24.15:49:29.511 [SpringApplicationShutdownHook] INFO  HikariDataSource       - HikariPool-1 - Shutdown initiated...
25-03-24.15:49:29.528 [SpringApplicationShutdownHook] INFO  HikariDataSource       - HikariPool-1 - Shutdown completed.
25-03-24.15:49:42.306 [main            ] INFO  RaffleStrategyTest     - Starting RaffleStrategyTest using Java 21.0.4 on DESKTOP-DJN13UV with PID 23952 (started by MUZ in G:\prog\java\big-market\big-market-app)
25-03-24.15:49:42.307 [main            ] INFO  RaffleStrategyTest     - The following 1 profile is active: "dev"
25-03-24.15:49:42.976 [main            ] INFO  RepositoryConfigurationDelegate - Multiple Spring Data modules found, entering strict repository configuration mode
25-03-24.15:49:42.979 [main            ] INFO  RepositoryConfigurationDelegate - Bootstrapping Spring Data Redis repositories in DEFAULT mode.
25-03-24.15:49:43.009 [main            ] INFO  RepositoryConfigurationDelegate - Finished Spring Data repository scanning in 10 ms. Found 0 Redis repository interfaces.
25-03-24.15:49:44.077 [main            ] INFO  Version                - Redisson 3.32.0
25-03-24.15:49:44.241 [main            ] WARN  SequentialDnsAddressResolverFactory - DNS TCP fallback on UDP query timeout disabled. Upgrade Netty to 4.1.105 or higher.
25-03-24.15:49:44.360 [redisson-netty-1-4] INFO  ConnectionsHolder      - 1 connections initialized for 127.0.0.1/127.0.0.1:6379
25-03-24.15:49:44.379 [redisson-netty-1-13] INFO  ConnectionsHolder      - 5 connections initialized for 127.0.0.1/127.0.0.1:6379
25-03-24.15:49:46.079 [main            ] INFO  EndpointLinksResolver  - Exposing 1 endpoint(s) beneath base path '/actuator'
25-03-24.15:49:46.160 [main            ] INFO  RaffleStrategyTest     - Started RaffleStrategyTest in 4.216 seconds (JVM running for 4.885)
25-03-24.15:50:01.501 [main            ] INFO  RuleLockLogicFilter    - 规则过滤-商品解锁 userId:muz strategyId:10003 ruleModel:rule_lock
25-03-24.15:50:01.528 [main            ] INFO  HikariDataSource       - HikariPool-1 - Starting...
25-03-24.15:50:01.763 [main            ] INFO  HikariDataSource       - HikariPool-1 - Start completed.
25-03-24.15:50:03.894 [SpringApplicationShutdownHook] INFO  HikariDataSource       - HikariPool-1 - Shutdown initiated...
25-03-24.15:50:03.901 [SpringApplicationShutdownHook] INFO  HikariDataSource       - HikariPool-1 - Shutdown completed.
25-03-24.15:50:26.807 [main            ] INFO  RaffleStrategyTest     - Starting RaffleStrategyTest using Java 21.0.4 on DESKTOP-DJN13UV with PID 8528 (started by MUZ in G:\prog\java\big-market\big-market-app)
25-03-24.15:50:26.808 [main            ] INFO  RaffleStrategyTest     - The following 1 profile is active: "dev"
25-03-24.15:50:27.490 [main            ] INFO  RepositoryConfigurationDelegate - Multiple Spring Data modules found, entering strict repository configuration mode
25-03-24.15:50:27.493 [main            ] INFO  RepositoryConfigurationDelegate - Bootstrapping Spring Data Redis repositories in DEFAULT mode.
25-03-24.15:50:27.521 [main            ] INFO  RepositoryConfigurationDelegate - Finished Spring Data repository scanning in 9 ms. Found 0 Redis repository interfaces.
25-03-24.15:50:28.579 [main            ] INFO  Version                - Redisson 3.32.0
25-03-24.15:50:28.746 [main            ] WARN  SequentialDnsAddressResolverFactory - DNS TCP fallback on UDP query timeout disabled. Upgrade Netty to 4.1.105 or higher.
25-03-24.15:50:28.863 [redisson-netty-1-4] INFO  ConnectionsHolder      - 1 connections initialized for 127.0.0.1/127.0.0.1:6379
25-03-24.15:50:28.876 [redisson-netty-1-13] INFO  ConnectionsHolder      - 5 connections initialized for 127.0.0.1/127.0.0.1:6379
25-03-24.15:50:30.579 [main            ] INFO  EndpointLinksResolver  - Exposing 1 endpoint(s) beneath base path '/actuator'
25-03-24.15:50:30.657 [main            ] INFO  RaffleStrategyTest     - Started RaffleStrategyTest in 4.182 seconds (JVM running for 4.79)
25-03-24.15:50:47.659 [main            ] INFO  RuleLockLogicFilter    - 规则过滤-商品解锁 userId:muz strategyId:10003 ruleModel:rule_lock
25-03-24.15:50:55.454 [main            ] INFO  HikariDataSource       - HikariPool-1 - Starting...
25-03-24.15:50:57.185 [main            ] INFO  HikariDataSource       - HikariPool-1 - Start completed.
25-03-24.15:51:35.651 [SpringApplicationShutdownHook] INFO  HikariDataSource       - HikariPool-1 - Shutdown initiated...
25-03-24.15:51:35.661 [SpringApplicationShutdownHook] INFO  HikariDataSource       - HikariPool-1 - Shutdown completed.
25-03-24.15:51:38.868 [main            ] INFO  RaffleStrategyTest     - Starting RaffleStrategyTest using Java 21.0.4 on DESKTOP-DJN13UV with PID 12360 (started by MUZ in G:\prog\java\big-market\big-market-app)
25-03-24.15:51:38.869 [main            ] INFO  RaffleStrategyTest     - The following 1 profile is active: "dev"
25-03-24.15:51:39.531 [main            ] INFO  RepositoryConfigurationDelegate - Multiple Spring Data modules found, entering strict repository configuration mode
25-03-24.15:51:39.533 [main            ] INFO  RepositoryConfigurationDelegate - Bootstrapping Spring Data Redis repositories in DEFAULT mode.
25-03-24.15:51:39.561 [main            ] INFO  RepositoryConfigurationDelegate - Finished Spring Data repository scanning in 12 ms. Found 0 Redis repository interfaces.
25-03-24.15:51:40.568 [main            ] INFO  Version                - Redisson 3.32.0
25-03-24.15:51:40.749 [main            ] WARN  SequentialDnsAddressResolverFactory - DNS TCP fallback on UDP query timeout disabled. Upgrade Netty to 4.1.105 or higher.
25-03-24.15:51:40.879 [redisson-netty-1-4] INFO  ConnectionsHolder      - 1 connections initialized for 127.0.0.1/127.0.0.1:6379
25-03-24.15:51:40.893 [redisson-netty-1-13] INFO  ConnectionsHolder      - 5 connections initialized for 127.0.0.1/127.0.0.1:6379
25-03-24.15:51:42.584 [main            ] INFO  EndpointLinksResolver  - Exposing 1 endpoint(s) beneath base path '/actuator'
25-03-24.15:51:42.655 [main            ] INFO  RaffleStrategyTest     - Started RaffleStrategyTest in 4.12 seconds (JVM running for 4.75)
25-03-24.15:51:45.769 [main            ] INFO  RuleLockLogicFilter    - 规则过滤-商品解锁 userId:muz strategyId:10003 ruleModel:rule_lock
25-03-24.15:51:48.740 [main            ] INFO  HikariDataSource       - HikariPool-1 - Starting...
25-03-24.15:51:50.439 [main            ] INFO  HikariDataSource       - HikariPool-1 - Start completed.
25-03-24.15:51:59.215 [SpringApplicationShutdownHook] INFO  HikariDataSource       - HikariPool-1 - Shutdown initiated...
25-03-24.15:51:59.222 [SpringApplicationShutdownHook] INFO  HikariDataSource       - HikariPool-1 - Shutdown completed.
25-03-24.15:52:03.852 [main            ] INFO  RaffleStrategyTest     - Starting RaffleStrategyTest using Java 21.0.4 on DESKTOP-DJN13UV with PID 7932 (started by MUZ in G:\prog\java\big-market\big-market-app)
25-03-24.15:52:03.853 [main            ] INFO  RaffleStrategyTest     - The following 1 profile is active: "dev"
25-03-24.15:52:04.493 [main            ] INFO  RepositoryConfigurationDelegate - Multiple Spring Data modules found, entering strict repository configuration mode
25-03-24.15:52:04.495 [main            ] INFO  RepositoryConfigurationDelegate - Bootstrapping Spring Data Redis repositories in DEFAULT mode.
25-03-24.15:52:04.520 [main            ] INFO  RepositoryConfigurationDelegate - Finished Spring Data repository scanning in 8 ms. Found 0 Redis repository interfaces.
25-03-24.15:52:05.427 [main            ] INFO  Version                - Redisson 3.32.0
25-03-24.15:52:05.567 [main            ] WARN  SequentialDnsAddressResolverFactory - DNS TCP fallback on UDP query timeout disabled. Upgrade Netty to 4.1.105 or higher.
25-03-24.15:52:05.684 [redisson-netty-1-5] INFO  ConnectionsHolder      - 1 connections initialized for 127.0.0.1/127.0.0.1:6379
25-03-24.15:52:05.700 [redisson-netty-1-13] INFO  ConnectionsHolder      - 5 connections initialized for 127.0.0.1/127.0.0.1:6379
25-03-24.15:52:07.445 [main            ] INFO  EndpointLinksResolver  - Exposing 1 endpoint(s) beneath base path '/actuator'
25-03-24.15:52:07.517 [main            ] INFO  RaffleStrategyTest     - Started RaffleStrategyTest in 4.008 seconds (JVM running for 4.667)
25-03-24.15:52:10.868 [main            ] INFO  RuleLockLogicFilter    - 规则过滤-商品解锁 userId:muz strategyId:10003 ruleModel:rule_lock
25-03-24.15:53:08.213 [main            ] INFO  HikariDataSource       - HikariPool-1 - Starting...
25-03-24.15:53:09.951 [main            ] INFO  HikariDataSource       - HikariPool-1 - Start completed.
25-03-24.15:54:42.206 [HikariPool-1 housekeeper] WARN  HikariPool             - HikariPool-1 - Thread starvation or clock leap detected (housekeeper delta=2m2s254ms97µs500ns).
25-03-24.15:54:42.265 [main            ] WARN  TestContextManager     - Caught exception while invoking 'afterTestClass' callback on TestExecutionListener [org.springframework.test.context.event.EventPublishingTestExecutionListener@7ae42ce3] for test class [class com.share.test.domain.RaffleStrategyTest]
org.springframework.beans.factory.BeanCreationNotAllowedException: Error creating bean with name 'startupTimeMetrics': Singleton bean creation not allowed while singletons of this factory are in destruction (Do not request a bean from a BeanFactory in a destroy method implementation!)
	at org.springframework.beans.factory.support.DefaultSingletonBeanRegistry.getSingleton(DefaultSingletonBeanRegistry.java:220)
	at org.springframework.beans.factory.support.AbstractBeanFactory.doGetBean(AbstractBeanFactory.java:333)
	at org.springframework.beans.factory.support.AbstractBeanFactory.getBean(AbstractBeanFactory.java:213)
	at org.springframework.context.event.AbstractApplicationEventMulticaster.retrieveApplicationListeners(AbstractApplicationEventMulticaster.java:264)
	at org.springframework.context.event.AbstractApplicationEventMulticaster.getApplicationListeners(AbstractApplicationEventMulticaster.java:221)
	at org.springframework.context.event.SimpleApplicationEventMulticaster.multicastEvent(SimpleApplicationEventMulticaster.java:138)
	at org.springframework.context.support.AbstractApplicationContext.publishEvent(AbstractApplicationContext.java:421)
	at org.springframework.context.support.AbstractApplicationContext.publishEvent(AbstractApplicationContext.java:378)
	at org.springframework.test.context.TestContext.publishEvent(TestContext.java:94)
	at org.springframework.test.context.event.EventPublishingTestExecutionListener.afterTestClass(EventPublishingTestExecutionListener.java:168)
	at org.springframework.test.context.TestContextManager.afterTestClass(TestContextManager.java:492)
	at org.springframework.test.context.junit4.statements.RunAfterTestClassCallbacks.evaluate(RunAfterTestClassCallbacks.java:77)
	at org.junit.runners.ParentRunner$3.evaluate(ParentRunner.java:306)
	at org.junit.runners.ParentRunner.run(ParentRunner.java:413)
	at org.springframework.test.context.junit4.SpringJUnit4ClassRunner.run(SpringJUnit4ClassRunner.java:190)
	at org.junit.runner.JUnitCore.run(JUnitCore.java:137)
	at com.intellij.junit4.JUnit4IdeaTestRunner.startRunnerWithArgs(JUnit4IdeaTestRunner.java:69)
	at com.intellij.rt.junit.IdeaTestRunner$Repeater$1.execute(IdeaTestRunner.java:38)
	at com.intellij.rt.execution.junit.TestsRepeater.repeat(TestsRepeater.java:11)
	at com.intellij.rt.junit.IdeaTestRunner$Repeater.startRunnerWithArgs(IdeaTestRunner.java:35)
	at com.intellij.rt.junit.JUnitStarter.prepareStreamsAndStart(JUnitStarter.java:232)
	at com.intellij.rt.junit.JUnitStarter.main(JUnitStarter.java:55)
25-03-24.15:54:44.323 [SpringApplicationShutdownHook] INFO  HikariDataSource       - HikariPool-1 - Shutdown initiated...
25-03-24.15:54:44.342 [SpringApplicationShutdownHook] INFO  HikariDataSource       - HikariPool-1 - Shutdown completed.
25-03-24.15:54:47.580 [main            ] INFO  RaffleStrategyTest     - Starting RaffleStrategyTest using Java 21.0.4 on DESKTOP-DJN13UV with PID 28556 (started by MUZ in G:\prog\java\big-market\big-market-app)
25-03-24.15:54:47.581 [main            ] INFO  RaffleStrategyTest     - The following 1 profile is active: "dev"
25-03-24.15:54:48.220 [main            ] INFO  RepositoryConfigurationDelegate - Multiple Spring Data modules found, entering strict repository configuration mode
25-03-24.15:54:48.222 [main            ] INFO  RepositoryConfigurationDelegate - Bootstrapping Spring Data Redis repositories in DEFAULT mode.
25-03-24.15:54:48.246 [main            ] INFO  RepositoryConfigurationDelegate - Finished Spring Data repository scanning in 9 ms. Found 0 Redis repository interfaces.
25-03-24.15:54:49.285 [main            ] INFO  Version                - Redisson 3.32.0
25-03-24.15:54:49.466 [main            ] WARN  SequentialDnsAddressResolverFactory - DNS TCP fallback on UDP query timeout disabled. Upgrade Netty to 4.1.105 or higher.
25-03-24.15:54:49.598 [redisson-netty-1-4] INFO  ConnectionsHolder      - 1 connections initialized for 127.0.0.1/127.0.0.1:6379
25-03-24.15:54:49.613 [redisson-netty-1-13] INFO  ConnectionsHolder      - 5 connections initialized for 127.0.0.1/127.0.0.1:6379
25-03-24.15:54:51.355 [main            ] INFO  EndpointLinksResolver  - Exposing 1 endpoint(s) beneath base path '/actuator'
25-03-24.15:54:51.411 [main            ] INFO  RaffleStrategyTest     - Started RaffleStrategyTest in 4.155 seconds (JVM running for 4.796)
25-03-24.15:54:51.659 [main            ] INFO  HikariDataSource       - HikariPool-1 - Starting...
25-03-24.15:54:51.961 [main            ] INFO  HikariDataSource       - HikariPool-1 - Start completed.
25-03-24.15:55:02.173 [SpringApplicationShutdownHook] INFO  HikariDataSource       - HikariPool-1 - Shutdown initiated...
25-03-24.15:55:02.186 [SpringApplicationShutdownHook] INFO  HikariDataSource       - HikariPool-1 - Shutdown completed.
25-03-24.15:55:39.707 [main            ] INFO  RaffleStrategyTest     - Starting RaffleStrategyTest using Java 21.0.4 on DESKTOP-DJN13UV with PID 13752 (started by MUZ in G:\prog\java\big-market\big-market-app)
25-03-24.15:55:39.708 [main            ] INFO  RaffleStrategyTest     - The following 1 profile is active: "dev"
25-03-24.15:55:40.373 [main            ] INFO  RepositoryConfigurationDelegate - Multiple Spring Data modules found, entering strict repository configuration mode
25-03-24.15:55:40.375 [main            ] INFO  RepositoryConfigurationDelegate - Bootstrapping Spring Data Redis repositories in DEFAULT mode.
25-03-24.15:55:40.403 [main            ] INFO  RepositoryConfigurationDelegate - Finished Spring Data repository scanning in 9 ms. Found 0 Redis repository interfaces.
25-03-24.15:55:41.464 [main            ] INFO  Version                - Redisson 3.32.0
25-03-24.15:55:41.620 [main            ] WARN  SequentialDnsAddressResolverFactory - DNS TCP fallback on UDP query timeout disabled. Upgrade Netty to 4.1.105 or higher.
25-03-24.15:55:41.741 [redisson-netty-1-4] INFO  ConnectionsHolder      - 1 connections initialized for 127.0.0.1/127.0.0.1:6379
25-03-24.15:55:41.754 [redisson-netty-1-13] INFO  ConnectionsHolder      - 5 connections initialized for 127.0.0.1/127.0.0.1:6379
25-03-24.15:55:43.232 [main            ] INFO  EndpointLinksResolver  - Exposing 1 endpoint(s) beneath base path '/actuator'
25-03-24.15:55:43.288 [main            ] INFO  RaffleStrategyTest     - Started RaffleStrategyTest in 3.913 seconds (JVM running for 4.517)
25-03-24.15:55:45.541 [main            ] INFO  HikariDataSource       - HikariPool-1 - Starting...
25-03-24.15:55:45.778 [main            ] INFO  HikariDataSource       - HikariPool-1 - Start completed.
25-03-24.15:55:47.923 [SpringApplicationShutdownHook] INFO  HikariDataSource       - HikariPool-1 - Shutdown initiated...
25-03-24.15:55:47.939 [SpringApplicationShutdownHook] INFO  HikariDataSource       - HikariPool-1 - Shutdown completed.
25-03-24.15:57:43.628 [main            ] INFO  RaffleStrategyTest     - Starting RaffleStrategyTest using Java 21.0.4 on DESKTOP-DJN13UV with PID 27076 (started by MUZ in G:\prog\java\big-market\big-market-app)
25-03-24.15:57:43.628 [main            ] INFO  RaffleStrategyTest     - The following 1 profile is active: "dev"
25-03-24.15:57:44.345 [main            ] INFO  RepositoryConfigurationDelegate - Multiple Spring Data modules found, entering strict repository configuration mode
25-03-24.15:57:44.347 [main            ] INFO  RepositoryConfigurationDelegate - Bootstrapping Spring Data Redis repositories in DEFAULT mode.
25-03-24.15:57:44.375 [main            ] INFO  RepositoryConfigurationDelegate - Finished Spring Data repository scanning in 10 ms. Found 0 Redis repository interfaces.
25-03-24.15:57:45.426 [main            ] INFO  Version                - Redisson 3.32.0
25-03-24.15:57:45.584 [main            ] WARN  SequentialDnsAddressResolverFactory - DNS TCP fallback on UDP query timeout disabled. Upgrade Netty to 4.1.105 or higher.
25-03-24.15:57:45.695 [redisson-netty-1-4] INFO  ConnectionsHolder      - 1 connections initialized for 127.0.0.1/127.0.0.1:6379
25-03-24.15:57:45.709 [redisson-netty-1-13] INFO  ConnectionsHolder      - 5 connections initialized for 127.0.0.1/127.0.0.1:6379
25-03-24.15:57:47.337 [main            ] INFO  EndpointLinksResolver  - Exposing 1 endpoint(s) beneath base path '/actuator'
25-03-24.15:57:47.390 [main            ] INFO  RaffleStrategyTest     - Started RaffleStrategyTest in 4.098 seconds (JVM running for 4.763)
25-03-24.15:57:49.453 [main            ] INFO  HikariDataSource       - HikariPool-1 - Starting...
25-03-24.15:57:49.687 [main            ] INFO  HikariDataSource       - HikariPool-1 - Start completed.
25-03-24.15:57:49.721 [main            ] INFO  RuleLockLogicFilter    - 规则过滤-商品解锁 userId:muz strategyId:100003 ruleModel:rule_lock
25-03-24.15:58:03.607 [SpringApplicationShutdownHook] INFO  HikariDataSource       - HikariPool-1 - Shutdown initiated...
25-03-24.15:58:03.618 [SpringApplicationShutdownHook] INFO  HikariDataSource       - HikariPool-1 - Shutdown completed.
25-03-24.15:59:18.254 [main            ] INFO  RaffleStrategyTest     - Starting RaffleStrategyTest using Java 21.0.4 on DESKTOP-DJN13UV with PID 27496 (started by MUZ in G:\prog\java\big-market\big-market-app)
25-03-24.15:59:18.254 [main            ] INFO  RaffleStrategyTest     - The following 1 profile is active: "dev"
25-03-24.15:59:18.953 [main            ] INFO  RepositoryConfigurationDelegate - Multiple Spring Data modules found, entering strict repository configuration mode
25-03-24.15:59:18.955 [main            ] INFO  RepositoryConfigurationDelegate - Bootstrapping Spring Data Redis repositories in DEFAULT mode.
25-03-24.15:59:18.984 [main            ] INFO  RepositoryConfigurationDelegate - Finished Spring Data repository scanning in 11 ms. Found 0 Redis repository interfaces.
25-03-24.15:59:20.061 [main            ] INFO  Version                - Redisson 3.32.0
25-03-24.15:59:20.211 [main            ] WARN  SequentialDnsAddressResolverFactory - DNS TCP fallback on UDP query timeout disabled. Upgrade Netty to 4.1.105 or higher.
25-03-24.15:59:20.329 [redisson-netty-1-4] INFO  ConnectionsHolder      - 1 connections initialized for 127.0.0.1/127.0.0.1:6379
25-03-24.15:59:20.342 [redisson-netty-1-13] INFO  ConnectionsHolder      - 5 connections initialized for 127.0.0.1/127.0.0.1:6379
25-03-24.15:59:22.021 [main            ] INFO  EndpointLinksResolver  - Exposing 1 endpoint(s) beneath base path '/actuator'
25-03-24.15:59:22.087 [main            ] INFO  RaffleStrategyTest     - Started RaffleStrategyTest in 4.163 seconds (JVM running for 4.82)
25-03-24.15:59:23.915 [main            ] INFO  HikariDataSource       - HikariPool-1 - Starting...
25-03-24.15:59:24.143 [main            ] INFO  HikariDataSource       - HikariPool-1 - Start completed.
25-03-24.15:59:24.173 [main            ] INFO  RuleLockLogicFilter    - 规则过滤-商品解锁 userId:muz strategyId:100003 ruleModel:rule_lock
25-03-24.16:01:15.609 [HikariPool-1 housekeeper] WARN  HikariPool             - HikariPool-1 - Thread starvation or clock leap detected (housekeeper delta=1m42s224ms50µs500ns).
25-03-24.16:01:17.705 [SpringApplicationShutdownHook] INFO  HikariDataSource       - HikariPool-1 - Shutdown initiated...
25-03-24.16:01:17.711 [SpringApplicationShutdownHook] INFO  HikariDataSource       - HikariPool-1 - Shutdown completed.
25-03-24.16:01:19.868 [main            ] INFO  RaffleStrategyTest     - Starting RaffleStrategyTest using Java 21.0.4 on DESKTOP-DJN13UV with PID 13744 (started by MUZ in G:\prog\java\big-market\big-market-app)
25-03-24.16:01:19.869 [main            ] INFO  RaffleStrategyTest     - The following 1 profile is active: "dev"
25-03-24.16:01:20.528 [main            ] INFO  RepositoryConfigurationDelegate - Multiple Spring Data modules found, entering strict repository configuration mode
25-03-24.16:01:20.531 [main            ] INFO  RepositoryConfigurationDelegate - Bootstrapping Spring Data Redis repositories in DEFAULT mode.
25-03-24.16:01:20.560 [main            ] INFO  RepositoryConfigurationDelegate - Finished Spring Data repository scanning in 11 ms. Found 0 Redis repository interfaces.
25-03-24.16:01:21.638 [main            ] INFO  Version                - Redisson 3.32.0
25-03-24.16:01:21.798 [main            ] WARN  SequentialDnsAddressResolverFactory - DNS TCP fallback on UDP query timeout disabled. Upgrade Netty to 4.1.105 or higher.
25-03-24.16:01:21.917 [redisson-netty-1-4] INFO  ConnectionsHolder      - 1 connections initialized for 127.0.0.1/127.0.0.1:6379
25-03-24.16:01:21.931 [redisson-netty-1-13] INFO  ConnectionsHolder      - 5 connections initialized for 127.0.0.1/127.0.0.1:6379
25-03-24.16:01:23.721 [main            ] INFO  EndpointLinksResolver  - Exposing 1 endpoint(s) beneath base path '/actuator'
25-03-24.16:01:23.792 [main            ] INFO  RaffleStrategyTest     - Started RaffleStrategyTest in 4.257 seconds (JVM running for 4.873)
25-03-24.16:01:26.189 [main            ] INFO  HikariDataSource       - HikariPool-1 - Starting...
25-03-24.16:01:26.420 [main            ] INFO  HikariDataSource       - HikariPool-1 - Start completed.
25-03-24.16:01:26.448 [main            ] INFO  RuleLockLogicFilter    - 规则过滤-商品解锁 userId:muz strategyId:100003 ruleModel:rule_lock
25-03-24.16:04:37.394 [HikariPool-1 housekeeper] WARN  HikariPool             - HikariPool-1 - Thread starvation or clock leap detected (housekeeper delta=3m8s364ms578µs600ns).
25-03-24.16:04:39.486 [SpringApplicationShutdownHook] INFO  HikariDataSource       - HikariPool-1 - Shutdown initiated...
25-03-24.16:04:39.502 [SpringApplicationShutdownHook] INFO  HikariDataSource       - HikariPool-1 - Shutdown completed.
25-03-24.16:08:58.406 [main            ] INFO  RaffleStrategyTest     - Starting RaffleStrategyTest using Java 21.0.4 on DESKTOP-DJN13UV with PID 14036 (started by MUZ in G:\prog\java\big-market\big-market-app)
25-03-24.16:08:58.407 [main            ] INFO  RaffleStrategyTest     - The following 1 profile is active: "dev"
25-03-24.16:08:59.130 [main            ] INFO  RepositoryConfigurationDelegate - Multiple Spring Data modules found, entering strict repository configuration mode
25-03-24.16:08:59.133 [main            ] INFO  RepositoryConfigurationDelegate - Bootstrapping Spring Data Redis repositories in DEFAULT mode.
25-03-24.16:08:59.159 [main            ] INFO  RepositoryConfigurationDelegate - Finished Spring Data repository scanning in 11 ms. Found 0 Redis repository interfaces.
25-03-24.16:09:00.232 [main            ] INFO  Version                - Redisson 3.32.0
25-03-24.16:09:00.401 [main            ] WARN  SequentialDnsAddressResolverFactory - DNS TCP fallback on UDP query timeout disabled. Upgrade Netty to 4.1.105 or higher.
25-03-24.16:09:00.525 [redisson-netty-1-4] INFO  ConnectionsHolder      - 1 connections initialized for 127.0.0.1/127.0.0.1:6379
25-03-24.16:09:00.539 [redisson-netty-1-13] INFO  ConnectionsHolder      - 5 connections initialized for 127.0.0.1/127.0.0.1:6379
25-03-24.16:09:02.191 [main            ] INFO  EndpointLinksResolver  - Exposing 1 endpoint(s) beneath base path '/actuator'
25-03-24.16:09:02.263 [main            ] INFO  RaffleStrategyTest     - Started RaffleStrategyTest in 4.183 seconds (JVM running for 4.816)
25-03-24.16:12:15.565 [main            ] INFO  HikariDataSource       - HikariPool-1 - Starting...
25-03-24.16:12:17.287 [main            ] INFO  HikariDataSource       - HikariPool-1 - Start completed.
25-03-24.16:12:27.151 [main            ] INFO  RuleLockLogicFilter    - 规则过滤-商品解锁 userId:muz strategyId:100003 ruleModel:rule_lock
25-03-24.16:12:29.376 [SpringApplicationShutdownHook] INFO  HikariDataSource       - HikariPool-1 - Shutdown initiated...
25-03-24.16:12:29.393 [SpringApplicationShutdownHook] INFO  HikariDataSource       - HikariPool-1 - Shutdown completed.
25-03-24.16:12:32.145 [main            ] INFO  RaffleStrategyTest     - Starting RaffleStrategyTest using Java 21.0.4 on DESKTOP-DJN13UV with PID 28304 (started by MUZ in G:\prog\java\big-market\big-market-app)
25-03-24.16:12:32.146 [main            ] INFO  RaffleStrategyTest     - The following 1 profile is active: "dev"
25-03-24.16:12:32.801 [main            ] INFO  RepositoryConfigurationDelegate - Multiple Spring Data modules found, entering strict repository configuration mode
25-03-24.16:12:32.803 [main            ] INFO  RepositoryConfigurationDelegate - Bootstrapping Spring Data Redis repositories in DEFAULT mode.
25-03-24.16:12:32.830 [main            ] INFO  RepositoryConfigurationDelegate - Finished Spring Data repository scanning in 12 ms. Found 0 Redis repository interfaces.
25-03-24.16:12:33.907 [main            ] INFO  Version                - Redisson 3.32.0
25-03-24.16:12:34.065 [main            ] WARN  SequentialDnsAddressResolverFactory - DNS TCP fallback on UDP query timeout disabled. Upgrade Netty to 4.1.105 or higher.
25-03-24.16:12:34.198 [redisson-netty-1-4] INFO  ConnectionsHolder      - 1 connections initialized for 127.0.0.1/127.0.0.1:6379
25-03-24.16:12:34.213 [redisson-netty-1-13] INFO  ConnectionsHolder      - 5 connections initialized for 127.0.0.1/127.0.0.1:6379
25-03-24.16:12:35.827 [main            ] INFO  EndpointLinksResolver  - Exposing 1 endpoint(s) beneath base path '/actuator'
25-03-24.16:12:35.873 [main            ] INFO  RaffleStrategyTest     - Started RaffleStrategyTest in 4.082 seconds (JVM running for 4.731)
25-03-24.16:12:55.584 [main            ] INFO  HikariDataSource       - HikariPool-1 - Starting...
25-03-24.16:12:57.256 [main            ] INFO  HikariDataSource       - HikariPool-1 - Start completed.
25-03-24.16:12:57.358 [main            ] INFO  RuleLockLogicFilter    - 规则过滤-商品解锁 userId:muz strategyId:100003 ruleModel:rule_lock
25-03-24.16:12:57.936 [SpringApplicationShutdownHook] INFO  HikariDataSource       - HikariPool-1 - Shutdown initiated...
25-03-24.16:12:57.946 [SpringApplicationShutdownHook] INFO  HikariDataSource       - HikariPool-1 - Shutdown completed.
25-03-24.16:13:00.301 [main            ] INFO  RaffleStrategyTest     - Starting RaffleStrategyTest using Java 21.0.4 on DESKTOP-DJN13UV with PID 21608 (started by MUZ in G:\prog\java\big-market\big-market-app)
25-03-24.16:13:00.302 [main            ] INFO  RaffleStrategyTest     - The following 1 profile is active: "dev"
25-03-24.16:13:00.944 [main            ] INFO  RepositoryConfigurationDelegate - Multiple Spring Data modules found, entering strict repository configuration mode
25-03-24.16:13:00.947 [main            ] INFO  RepositoryConfigurationDelegate - Bootstrapping Spring Data Redis repositories in DEFAULT mode.
25-03-24.16:13:00.967 [main            ] INFO  RepositoryConfigurationDelegate - Finished Spring Data repository scanning in 10 ms. Found 0 Redis repository interfaces.
25-03-24.16:13:01.918 [main            ] INFO  Version                - Redisson 3.32.0
25-03-24.16:13:02.071 [main            ] WARN  SequentialDnsAddressResolverFactory - DNS TCP fallback on UDP query timeout disabled. Upgrade Netty to 4.1.105 or higher.
25-03-24.16:13:02.186 [redisson-netty-1-4] INFO  ConnectionsHolder      - 1 connections initialized for 127.0.0.1/127.0.0.1:6379
25-03-24.16:13:02.199 [redisson-netty-1-13] INFO  ConnectionsHolder      - 5 connections initialized for 127.0.0.1/127.0.0.1:6379
25-03-24.16:13:03.608 [main            ] INFO  EndpointLinksResolver  - Exposing 1 endpoint(s) beneath base path '/actuator'
25-03-24.16:13:03.669 [main            ] INFO  RaffleStrategyTest     - Started RaffleStrategyTest in 3.714 seconds (JVM running for 4.347)
25-03-24.16:14:09.712 [main            ] INFO  HikariDataSource       - HikariPool-1 - Starting...
25-03-24.16:14:11.428 [main            ] INFO  HikariDataSource       - HikariPool-1 - Start completed.
25-03-24.16:15:33.537 [HikariPool-1 housekeeper] WARN  HikariPool             - HikariPool-1 - Thread starvation or clock leap detected (housekeeper delta=1m52s107ms916µs200ns).
25-03-24.16:16:17.103 [main            ] INFO  RuleLockLogicFilter    - 规则过滤-商品解锁 userId:muz strategyId:100003 ruleModel:rule_lock
25-03-24.16:16:31.619 [SpringApplicationShutdownHook] INFO  HikariDataSource       - HikariPool-1 - Shutdown initiated...
25-03-24.16:16:31.632 [SpringApplicationShutdownHook] INFO  HikariDataSource       - HikariPool-1 - Shutdown completed.
25-03-24.16:23:37.564 [main            ] INFO  RaffleStrategyTest     - Starting RaffleStrategyTest using Java 21.0.4 on DESKTOP-DJN13UV with PID 28444 (started by MUZ in G:\prog\java\big-market\big-market-app)
25-03-24.16:23:37.565 [main            ] INFO  RaffleStrategyTest     - The following 1 profile is active: "dev"
25-03-24.16:23:38.260 [main            ] INFO  RepositoryConfigurationDelegate - Multiple Spring Data modules found, entering strict repository configuration mode
25-03-24.16:23:38.262 [main            ] INFO  RepositoryConfigurationDelegate - Bootstrapping Spring Data Redis repositories in DEFAULT mode.
25-03-24.16:23:38.291 [main            ] INFO  RepositoryConfigurationDelegate - Finished Spring Data repository scanning in 11 ms. Found 0 Redis repository interfaces.
25-03-24.16:23:39.265 [main            ] INFO  Version                - Redisson 3.32.0
25-03-24.16:23:39.451 [main            ] WARN  SequentialDnsAddressResolverFactory - DNS TCP fallback on UDP query timeout disabled. Upgrade Netty to 4.1.105 or higher.
25-03-24.16:23:39.591 [redisson-netty-1-5] INFO  ConnectionsHolder      - 1 connections initialized for 127.0.0.1/127.0.0.1:6379
25-03-24.16:23:39.606 [redisson-netty-1-13] INFO  ConnectionsHolder      - 5 connections initialized for 127.0.0.1/127.0.0.1:6379
25-03-24.16:23:41.236 [main            ] INFO  EndpointLinksResolver  - Exposing 1 endpoint(s) beneath base path '/actuator'
25-03-24.16:23:41.307 [main            ] INFO  RaffleStrategyTest     - Started RaffleStrategyTest in 4.09 seconds (JVM running for 4.717)
25-03-24.16:24:06.643 [main            ] INFO  HikariDataSource       - HikariPool-1 - Starting...
25-03-24.16:24:08.306 [main            ] INFO  HikariDataSource       - HikariPool-1 - Start completed.
25-03-24.16:24:08.406 [main            ] INFO  RuleLockLogicFilter    - 规则过滤-商品解锁 userId:muz strategyId:100003 ruleModel:rule_lock
25-03-24.16:24:08.714 [SpringApplicationShutdownHook] INFO  HikariDataSource       - HikariPool-1 - Shutdown initiated...
25-03-24.16:24:08.734 [SpringApplicationShutdownHook] INFO  HikariDataSource       - HikariPool-1 - Shutdown completed.
25-03-24.16:24:10.817 [main            ] INFO  RaffleStrategyTest     - Starting RaffleStrategyTest using Java 21.0.4 on DESKTOP-DJN13UV with PID 25848 (started by MUZ in G:\prog\java\big-market\big-market-app)
25-03-24.16:24:10.818 [main            ] INFO  RaffleStrategyTest     - The following 1 profile is active: "dev"
25-03-24.16:24:11.481 [main            ] INFO  RepositoryConfigurationDelegate - Multiple Spring Data modules found, entering strict repository configuration mode
25-03-24.16:24:11.484 [main            ] INFO  RepositoryConfigurationDelegate - Bootstrapping Spring Data Redis repositories in DEFAULT mode.
25-03-24.16:24:11.515 [main            ] INFO  RepositoryConfigurationDelegate - Finished Spring Data repository scanning in 11 ms. Found 0 Redis repository interfaces.
25-03-24.16:24:12.565 [main            ] INFO  Version                - Redisson 3.32.0
25-03-24.16:24:12.708 [main            ] WARN  SequentialDnsAddressResolverFactory - DNS TCP fallback on UDP query timeout disabled. Upgrade Netty to 4.1.105 or higher.
25-03-24.16:24:12.820 [redisson-netty-1-4] INFO  ConnectionsHolder      - 1 connections initialized for 127.0.0.1/127.0.0.1:6379
25-03-24.16:24:12.833 [redisson-netty-1-13] INFO  ConnectionsHolder      - 5 connections initialized for 127.0.0.1/127.0.0.1:6379
25-03-24.16:24:14.458 [main            ] INFO  EndpointLinksResolver  - Exposing 1 endpoint(s) beneath base path '/actuator'
25-03-24.16:24:14.505 [main            ] INFO  RaffleStrategyTest     - Started RaffleStrategyTest in 4.022 seconds (JVM running for 4.712)
25-03-24.16:25:21.618 [main            ] INFO  HikariDataSource       - HikariPool-1 - Starting...
25-03-24.16:25:23.315 [main            ] INFO  HikariDataSource       - HikariPool-1 - Start completed.
25-03-24.16:27:50.339 [HikariPool-1 housekeeper] WARN  HikariPool             - HikariPool-1 - Thread starvation or clock leap detected (housekeeper delta=1m50s174ms125µs900ns).
25-03-24.16:27:50.343 [main            ] INFO  RuleLockLogicFilter    - 规则过滤-商品解锁 userId:muz strategyId:100003 ruleModel:rule_lock
25-03-24.16:27:52.437 [SpringApplicationShutdownHook] INFO  HikariDataSource       - HikariPool-1 - Shutdown initiated...
25-03-24.16:27:52.447 [SpringApplicationShutdownHook] INFO  HikariDataSource       - HikariPool-1 - Shutdown completed.
25-03-24.16:27:55.774 [main            ] INFO  RaffleStrategyTest     - Starting RaffleStrategyTest using Java 21.0.4 on DESKTOP-DJN13UV with PID 9336 (started by MUZ in G:\prog\java\big-market\big-market-app)
25-03-24.16:27:55.775 [main            ] INFO  RaffleStrategyTest     - The following 1 profile is active: "dev"
25-03-24.16:27:56.484 [main            ] INFO  RepositoryConfigurationDelegate - Multiple Spring Data modules found, entering strict repository configuration mode
25-03-24.16:27:56.486 [main            ] INFO  RepositoryConfigurationDelegate - Bootstrapping Spring Data Redis repositories in DEFAULT mode.
25-03-24.16:27:56.517 [main            ] INFO  RepositoryConfigurationDelegate - Finished Spring Data repository scanning in 11 ms. Found 0 Redis repository interfaces.
25-03-24.16:27:57.555 [main            ] INFO  Version                - Redisson 3.32.0
25-03-24.16:27:57.712 [main            ] WARN  SequentialDnsAddressResolverFactory - DNS TCP fallback on UDP query timeout disabled. Upgrade Netty to 4.1.105 or higher.
25-03-24.16:27:57.835 [redisson-netty-1-4] INFO  ConnectionsHolder      - 1 connections initialized for 127.0.0.1/127.0.0.1:6379
25-03-24.16:27:57.848 [redisson-netty-1-13] INFO  ConnectionsHolder      - 5 connections initialized for 127.0.0.1/127.0.0.1:6379
25-03-24.16:27:59.550 [main            ] INFO  EndpointLinksResolver  - Exposing 1 endpoint(s) beneath base path '/actuator'
25-03-24.16:27:59.615 [main            ] INFO  RaffleStrategyTest     - Started RaffleStrategyTest in 4.2 seconds (JVM running for 4.814)
25-03-24.16:28:13.008 [main            ] INFO  HikariDataSource       - HikariPool-1 - Starting...
25-03-24.16:28:14.700 [main            ] INFO  HikariDataSource       - HikariPool-1 - Start completed.
25-03-24.16:29:11.012 [main            ] INFO  RuleLockLogicFilter    - 规则过滤-商品解锁 userId:muz strategyId:100003 ruleModel:rule_lock
25-03-24.16:30:20.191 [main            ] INFO  DefaultRaffleStrategy  - 抽奖中规则过滤 userId: muz ruleModel: rule_lock code: 0001 info: 接管，后续流程受规则引擎影响
25-03-24.16:37:33.852 [HikariPool-1 housekeeper] WARN  HikariPool             - HikariPool-1 - Thread starvation or clock leap detected (housekeeper delta=6m36s725ms217µs200ns).
25-03-24.16:38:06.414 [main            ] INFO  AbstractRaffleStrategy - 【临时日志】中奖中规则拦截，通过抽奖后规则 rule_luck_award 走兜底奖励。
25-03-24.16:38:29.658 [main            ] INFO  RaffleStrategyTest     - 请求参数:{"strategyId":100003,"userId":"muz"}
25-03-24.16:38:30.161 [main            ] INFO  RaffleStrategyTest     - 请求结果:{"awardDesc":"中奖中规则拦截，通过抽奖后规则 rule_luck_award 走兜底奖励。"}
25-03-24.16:38:35.476 [SpringApplicationShutdownHook] INFO  HikariDataSource       - HikariPool-1 - Shutdown initiated...
25-03-24.16:38:35.490 [SpringApplicationShutdownHook] INFO  HikariDataSource       - HikariPool-1 - Shutdown completed.
25-03-24.16:39:18.833 [main            ] INFO  RaffleStrategyTest     - Starting RaffleStrategyTest using Java 21.0.4 on DESKTOP-DJN13UV with PID 28444 (started by MUZ in G:\prog\java\big-market\big-market-app)
25-03-24.16:39:18.834 [main            ] INFO  RaffleStrategyTest     - The following 1 profile is active: "dev"
25-03-24.16:39:19.544 [main            ] INFO  RepositoryConfigurationDelegate - Multiple Spring Data modules found, entering strict repository configuration mode
25-03-24.16:39:19.547 [main            ] INFO  RepositoryConfigurationDelegate - Bootstrapping Spring Data Redis repositories in DEFAULT mode.
25-03-24.16:39:19.574 [main            ] INFO  RepositoryConfigurationDelegate - Finished Spring Data repository scanning in 10 ms. Found 0 Redis repository interfaces.
25-03-24.16:39:20.609 [main            ] INFO  Version                - Redisson 3.32.0
25-03-24.16:39:20.781 [main            ] WARN  SequentialDnsAddressResolverFactory - DNS TCP fallback on UDP query timeout disabled. Upgrade Netty to 4.1.105 or higher.
25-03-24.16:39:20.915 [redisson-netty-1-4] INFO  ConnectionsHolder      - 1 connections initialized for 127.0.0.1/127.0.0.1:6379
25-03-24.16:39:20.930 [redisson-netty-1-13] INFO  ConnectionsHolder      - 5 connections initialized for 127.0.0.1/127.0.0.1:6379
25-03-24.16:39:22.889 [main            ] INFO  EndpointLinksResolver  - Exposing 1 endpoint(s) beneath base path '/actuator'
25-03-24.16:39:22.983 [main            ] INFO  RaffleStrategyTest     - Started RaffleStrategyTest in 4.497 seconds (JVM running for 5.251)
25-03-24.16:39:23.398 [main            ] INFO  HikariDataSource       - HikariPool-1 - Starting...
25-03-24.16:39:23.643 [main            ] INFO  HikariDataSource       - HikariPool-1 - Start completed.
25-03-24.16:39:23.670 [main            ] INFO  RuleLockLogicFilter    - 规则过滤-商品解锁 userId:muz strategyId:100003 ruleModel:rule_lock
25-03-24.16:39:23.685 [main            ] INFO  DefaultRaffleStrategy  - 抽奖中规则过滤 userId: muz ruleModel: rule_lock code: 0000 info: 放行，执行后续流程，不受规则引擎影响
25-03-24.16:39:23.696 [main            ] INFO  RaffleStrategyTest     - 请求参数:{"strategyId":100003,"userId":"muz"}
25-03-24.16:39:23.698 [main            ] INFO  RaffleStrategyTest     - 请求结果:{"awardId":107}
25-03-24.16:39:25.803 [SpringApplicationShutdownHook] INFO  HikariDataSource       - HikariPool-1 - Shutdown initiated...
25-03-24.16:39:25.811 [SpringApplicationShutdownHook] INFO  HikariDataSource       - HikariPool-1 - Shutdown completed.
25-03-24.17:18:12.771 [main            ] INFO  RaffleStrategyTest     - Starting RaffleStrategyTest using Java 21.0.4 on DESKTOP-DJN13UV with PID 30060 (started by MUZ in G:\prog\java\big-market\big-market-app)
25-03-24.17:18:12.772 [main            ] INFO  RaffleStrategyTest     - The following 1 profile is active: "dev"
25-03-24.17:18:13.505 [main            ] INFO  RepositoryConfigurationDelegate - Multiple Spring Data modules found, entering strict repository configuration mode
25-03-24.17:18:13.507 [main            ] INFO  RepositoryConfigurationDelegate - Bootstrapping Spring Data Redis repositories in DEFAULT mode.
25-03-24.17:18:13.540 [main            ] INFO  RepositoryConfigurationDelegate - Finished Spring Data repository scanning in 14 ms. Found 0 Redis repository interfaces.
25-03-24.17:18:14.609 [main            ] INFO  Version                - Redisson 3.32.0
25-03-24.17:18:14.762 [main            ] WARN  SequentialDnsAddressResolverFactory - DNS TCP fallback on UDP query timeout disabled. Upgrade Netty to 4.1.105 or higher.
25-03-24.17:18:14.875 [redisson-netty-1-4] INFO  ConnectionsHolder      - 1 connections initialized for 127.0.0.1/127.0.0.1:6379
25-03-24.17:18:14.888 [redisson-netty-1-13] INFO  ConnectionsHolder      - 5 connections initialized for 127.0.0.1/127.0.0.1:6379
25-03-24.17:18:16.654 [main            ] INFO  EndpointLinksResolver  - Exposing 1 endpoint(s) beneath base path '/actuator'
25-03-24.17:18:16.711 [main            ] INFO  RaffleStrategyTest     - Started RaffleStrategyTest in 4.322 seconds (JVM running for 4.991)
25-03-24.17:18:17.271 [main            ] INFO  HikariDataSource       - HikariPool-1 - Starting...
25-03-24.17:18:17.515 [main            ] INFO  HikariDataSource       - HikariPool-1 - Start completed.
25-03-24.17:18:17.544 [main            ] INFO  RuleLockLogicFilter    - 规则过滤-商品解锁 userId:muz strategyId:100003 ruleModel:rule_lock
25-03-24.17:18:17.563 [main            ] INFO  DefaultRaffleStrategy  - 抽奖中规则过滤 userId: muz ruleModel: rule_lock code: 0000 info: 放行，执行后续流程，不受规则引擎影响
25-03-24.17:18:17.571 [main            ] INFO  RaffleStrategyTest     - 请求参数:{"strategyId":100003,"userId":"muz"}
25-03-24.17:18:17.572 [main            ] INFO  RaffleStrategyTest     - 请求结果:{"awardId":107}
25-03-24.17:18:19.694 [SpringApplicationShutdownHook] INFO  HikariDataSource       - HikariPool-1 - Shutdown initiated...
25-03-24.17:18:19.704 [SpringApplicationShutdownHook] INFO  HikariDataSource       - HikariPool-1 - Shutdown completed.
